szakerto_id,datum,evek_gyakorlat,fogsorok_szama_kat,oktat,alap_siker_100,anatomia_sulya_pct,rang_1,rang_2,rang_3,rang_4,rang_5,hianyzo_kepletek,megjegyzes,nev,intezmeny,szerep,visszajelzes
SZIM01,2026-09-27,10,<100,igen,69,34,TUB,A1,A4,F4,F2,a mimikai izmok tónusa,"B3: also | B3 arány: 1,5 | B5: alig | D2: A1 + A11 | D5: 3 | diploma: 2013 | tevékenység: egyetemi | szakvizsga: szájsebészet | fogsor/év: 4",Szimulált szakértő 01,Szimulált klinika A,fogorvos,
SZIM02,2026-09-28,18,100-500,nem,67,62,A5,A12,F5,F3,A3,a vestibulum mélysége és a frenulumok tapadása,B3: felso | B5: kozepesen | D2: F1 + F3 | D3: puha szájfenék a lapos gerinc mellett | D5: 4 | diploma: 2008 | tevékenység: egyetemi | szakvizsga: szájsebészet | fogsor/év: 16,Szimulált szakértő 02,Szimulált klinika A,fogorvos,
SZIM03,2026-10-11,20,500-1000,igen,65,33,A1,TUB,A11,F4,A12,,B3: egyforman | B3 arány: 2 | B4: mélyült negatív gerinc tömött szájfenékkel | B5: kozepesen | D2: A1 + TUB | D3: puha szájfenék a lapos gerinc mellett | D5: 3 | diploma: 2004 | tevékenység: egyetemi | szakvizsga: fogpótlástan | fogsor/év: 27,Szimulált szakértő 03,Szimulált klinika B,fogorvos,
SZIM04,2026-10-06,12,100-500,igen,68,33,F7,A12,F2,F4,A11,,B3: also | B3 arány: 2 | B4: mélyült negatív gerinc tömött szájfenékkel | B5: alig | D2: A1 + A11 | D5: 3 | diploma: 2012 | tevékenység: egyetemi | szakvizsga: konzerváló fogászat és fogpótlástan | fogsor/év: 24,Szimulált szakértő 04,,fogorvos,
SZIM05,2026-10-04,18,<100,igen,66,44,F7,A12,F2,TUB,A11,a mimikai izmok tónusa,B3: also | B4: mélyült negatív gerinc tömött szájfenékkel | B5: erosen | D2: F5 + F4 | D3: puha szájfenék a lapos gerinc mellett | D5: 4 | diploma: 2008 | tevékenység: egyetemi | szakvizsga: fogpótlástan | fogsor/év: 4,Szimulált szakértő 05,Szimulált praxis,fogorvos,
SZIM06,2026-10-05,23,100-500,nem,77,48,A5,F3,A11,TUB,F5,a vestibulum mélysége és a frenulumok tapadása,"B3: also | B3 arány: 1,5 | B4: mélyült negatív gerinc tömött szájfenékkel | B5: kozepesen | D2: A1 + A5 | D5: 4 | diploma: 2002 | tevékenység: egyetemi | szakvizsga: konzerváló fogászat és fogpótlástan | fogsor/év: 21",Szimulált szakértő 06,Szimulált praxis,fogorvos,
SZIM07,2026-10-11,19,100-500,igen,62,45,F6,TUB,F5,F3,A11,a beteg motivációja és korábbi fogsorviselése,B3: egyforman | B3 arány: 2 | B4: frontális lötyögő gerinc nagy alámenősséggel | B5: erosen | D2: F5 + F4 | D5: 3 | diploma: 2007 | tevékenység: egyetemi | szakvizsga: fogpótlástan | fogsor/év: 22,Szimulált szakértő 07,,fogorvos,
SZIM08,2026-09-16,20,500-1000,nem,72,58,A5,A11,A4,A1,F6,a mimikai izmok tónusa,B3: also | B3 arány: 2 | B5: kozepesen | D2: A1 + TUB | D5: 2 | diploma: 2006 | tevékenység: mindketto | szakvizsga: szájsebészet | fogsor/év: 29,Szimulált szakértő 08,Szimulált klinika A,fogorvos,
SZIM09,2026-09-08,18,<100,nem,76,78,A1,F6,F1,A11,F5,a vestibulum mélysége és a frenulumok tapadása,B3: also | B3 arány: 3 | B4: mélyült negatív gerinc tömött szájfenékkel | B5: kozepesen | D2: A1 + TUB | D5: 4 | diploma: 2008 | tevékenység: egyetemi | szakvizsga: konzerváló fogászat és fogpótlástan | fogsor/év: 4,Szimulált szakértő 09,Szimulált klinika A,fogorvos,
SZIM10,2026-09-30,9,100-500,nem,79,63,A10,F8,A11,F3,A5,a mimikai izmok tónusa,B3: egyforman | B3 arány: 3 | B5: erosen | D2: TUB + A11 | D3: jó tuberculum a sorvadt gerincnél | D5: 2 | diploma: 2016 | tevékenység: mindketto | szakvizsga: fogpótlástan | fogsor/év: 33,Szimulált szakértő 10,Szimulált klinika A,fogorvos,
SZIM11,2026-10-07,24,500-1000,nem,76,70,A11,A1,TUB,F7,F2,,B3: also | B5: alig | D2: F5 + F4 | D5: 3 | diploma: 1999 | tevékenység: maganpraxis | szakvizsga: fogpótlástan | fogsor/év: 39,Szimulált szakértő 11,,fogorvos,
SZIM12,2026-09-29,20,500-1000,nem,83,60,A11,A1,F5,TUB,F1,a beteg motivációja és korábbi fogsorviselése,B3: also | B3 arány: 2 | B5: erosen | D2: A1 + TUB | D5: 4 | diploma: 2006 | tevékenység: egyetemi | szakvizsga: szájsebészet | fogsor/év: 35,Szimulált szakértő 12,Szimulált praxis,fogorvos,
SZIM13,2026-09-14,31,500-1000,igen,80,48,F3,A1,A11,TUB,A12,a vestibulum mélysége és a frenulumok tapadása,B3: also | B5: erosen | D2: A1 + TUB | D5: 5 | diploma: 1993 | tevékenység: egyetemi | szakvizsga: fogpótlástan | fogsor/év: 30,Szimulált szakértő 13,Szimulált klinika A,fogorvos,
SZIM14,2026-09-18,14,100-500,nem,73,30,A10,A1,A12,A11,F7,a beteg motivációja és korábbi fogsorviselése,"B3: also | B3 arány: 1,5 | B4: frontális lötyögő gerinc nagy alámenősséggel | B5: erosen | D2: A1 + A5 | D3: jó tuberculum a sorvadt gerincnél | D5: 4 | diploma: 2009 | tevékenység: maganpraxis | szakvizsga: fogpótlástan | fogsor/év: 32",Szimulált szakértő 14,Szimulált praxis,fogorvos,
SZIM15,2026-09-29,29,500-1000,korabban,72,50,TUB,F5,A1,A11,F4,,"B3: egyforman | B3 arány: 1,5 | B4: mélyült negatív gerinc tömött szájfenékkel | B5: erosen | D2: F5 + F4 | D5: 3 | diploma: 1996 | tevékenység: maganpraxis | szakvizsga: szájsebészet | fogsor/év: 34",Szimulált szakértő 15,Szimulált klinika A,fogorvos,
SZIM16,2026-09-15,10,100-500,korabban,71,51,A10,A1,A4,TUB,A11,,B3: also | B3 arány: 3 | B5: alig | D2: A1 + A5 | D5: 4 | diploma: 2016 | tevékenység: maganpraxis | szakvizsga: fogpótlástan | fogsor/év: 17,Szimulált szakértő 16,Szimulált klinika B,fogorvos,
SZIM17,2026-10-16,17,100-500,nem,69,35,A12,F5,A4,F3,F6,a mimikai izmok tónusa,"B3: egyforman | B3 arány: 1,5 | B4: mélyült negatív gerinc tömött szájfenékkel | B5: kozepesen | D2: A1 + TUB | D5: 4 | diploma: 2007 | tevékenység: mindketto | szakvizsga: konzerváló fogászat és fogpótlástan | fogsor/év: 23",Szimulált szakértő 17,Szimulált klinika A,fogorvos,
SZIM18,2026-10-04,12,100-500,korabban,79,52,F5,A11,TUB,A1,F3,,B3: also | B3 arány: 2 | B5: erosen | D2: A1 + A5 | D3: jó tuberculum a sorvadt gerincnél | D5: 3 | diploma: 2012 | tevékenység: mindketto | szakvizsga: szájsebészet | fogsor/év: 16,Szimulált szakértő 18,Szimulált klinika A,fogorvos,
SZIM19,2026-10-05,42,500-1000,korabban,58,56,A11,F5,A1,A5,TUB,a beteg motivációja és korábbi fogsorviselése,B3: also | B4: frontális lötyögő gerinc nagy alámenősséggel | B5: kozepesen | D2: F5 + F4 | D3: puha szájfenék a lapos gerinc mellett | D5: 3 | diploma: 1983 | tevékenység: maganpraxis | szakvizsga: fogpótlástan | fogsor/év: 18,Szimulált szakértő 19,Szimulált klinika A,fogorvos,
SZIM20,2026-10-03,21,500-1000,korabban,88,39,A3,F8,A11,A1,F2,nyálmennyiség és nyálminőség,B3: egyforman | B3 arány: 2 | B4: mélyült negatív gerinc tömött szájfenékkel | B5: kozepesen | D2: TUB + A11 | D5: 5 | diploma: 2002 | tevékenység: egyetemi | szakvizsga: konzerváló fogászat és fogpótlástan | fogsor/év: 35,Szimulált szakértő 20,,fogorvos,
SZIM21,2026-09-30,31,100-500,korabban,79,21,F3,A11,TUB,A4,F6,a vestibulum mélysége és a frenulumok tapadása,B3: also | B3 arány: 3 | B4: abszolút mozgékony tuberculum mindkét oldalon | B5: erosen | D2: A1 + TUB | D5: 5 | diploma: 1994 | tevékenység: egyetemi | szakvizsga: konzerváló fogászat és fogpótlástan | fogsor/év: 16,Szimulált szakértő 21,,fogorvos,
SZIM22,2026-09-27,6,100-500,korabban,86,48,F4,TUB,F8,F3,A12,a beteg motivációja és korábbi fogsorviselése,B3: also | B4: frontális lötyögő gerinc nagy alámenősséggel | B5: erosen | D2: A1 + A11 | D5: 3 | diploma: 2018 | tevékenység: mindketto | szakvizsga: konzerváló fogászat és fogpótlástan | fogsor/év: 23,Szimulált szakértő 22,Szimulált praxis,fogorvos,
SZIM23,2026-09-15,31,500-1000,korabban,78,26,A11,A12,F5,TUB,F4,a nyelv mérete és helyzete,"B3: also | B3 arány: 1,5 | B5: kozepesen | D2: TUB + A11 | D3: puha szájfenék a lapos gerinc mellett | D5: 4 | diploma: 1992 | tevékenység: mindketto | szakvizsga: konzerváló fogászat és fogpótlástan | fogsor/év: 21",Szimulált szakértő 23,,fogorvos,
SZIM24,2026-10-12,17,100-500,igen,74,44,A1,F7,F4,A11,F3,,"B3: felso | B3 arány: 1,5 | B4: abszolút mozgékony tuberculum mindkét oldalon | B5: kozepesen | D2: F5 + F4 | D5: 3 | diploma: 2006 | tevékenység: maganpraxis | szakvizsga: szájsebészet | fogsor/év: 22",Szimulált szakértő 24,,fogorvos,
SZIM25,2026-10-17,28,500-1000,igen,56,42,A5,A11,A1,F5,F4,a vestibulum mélysége és a frenulumok tapadása,"B3: also | B3 arány: 1,5 | B4: abszolút mozgékony tuberculum mindkét oldalon | B5: erosen | D2: A1 + A5 | D5: 5 | diploma: 1997 | tevékenység: egyetemi | szakvizsga: fogpótlástan | fogsor/év: 30",Szimulált szakértő 25,Szimulált praxis,fogorvos,
SZIM26,2026-10-13,16,100-500,igen,66,48,F3,A11,F5,TUB,A4,a vestibulum mélysége és a frenulumok tapadása,"B3: also | B3 arány: 1,5 | B5: erosen | D2: A1 + TUB | D5: 3 | diploma: 2010 | tevékenység: maganpraxis | szakvizsga: fogpótlástan | fogsor/év: 20",Szimulált szakértő 26,Szimulált klinika A,fogorvos,
SZIM27,2026-10-11,20,100-500,korabban,69,35,TUB,A5,A1,A10,F4,a vestibulum mélysége és a frenulumok tapadása,B3: egyforman | B3 arány: 2 | B5: alig | D2: A1 + A5 | D3: puha szájfenék a lapos gerinc mellett | D5: 4 | diploma: 2005 | tevékenység: egyetemi | szakvizsga: fogpótlástan | fogsor/év: 21,Szimulált szakértő 27,,fogorvos,
SZIM28,2026-10-02,22,100-500,korabban,70,51,TUB,A11,A4,A1,F4,,B3: also | B3 arány: 2 | B5: alig | D2: F5 + F4 | D5: 2 | diploma: 2003 | tevékenység: mindketto | szakvizsga: szájsebészet | fogsor/év: 16,Szimulált szakértő 28,Szimulált klinika A,fogorvos,
SZIM29,2026-10-10,23,500-1000,nem,70,31,A11,TUB,F5,A3,A4,a nyelv mérete és helyzete,"B3: also | B3 arány: 1,5 | B4: abszolút mozgékony tuberculum mindkét oldalon | B5: kozepesen | D2: A1 + A11 | D3: jó tuberculum a sorvadt gerincnél | D5: 3 | diploma: 2002 | tevékenység: egyeb | szakvizsga: fogpótlástan | fogsor/év: 35",Szimulált szakértő 29,Szimulált klinika A,fogorvos,
SZIM30,2026-10-10,12,500-1000,igen,79,53,A1,F4,F1,A12,A4,,B3: also | B5: kozepesen | D2: TUB + A11 | D5: 2 | diploma: 2011 | tevékenység: mindketto | szakvizsga: szájsebészet | fogsor/év: 50,Szimulált szakértő 30,Szimulált praxis,fogorvos,
