predictor,outcome,outcome_scale,adjusted,n,status,likelihood_estimate,likelihood_se,likelihood_lo,likelihood_hi,neutral_post_mean,neutral_post_sd,neutral_post_lo,neutral_post_hi,neutral_post_p_expected_direction,neutral_post_p_rope_abs_lt_0_1,n_nonmissing,n_unique,certainty,elicited_q,note
F1_low_ridge,MAI_worse,raw_z,False,8,ok,-0.599835351862783,0.37575709419797854,-1.336319256490821,0.1366485527652549,-0.38333683627333454,0.3003872098542877,-0.9720849490042138,0.2054112764575446,0.10095260378982268,0.11897627301085745,9,8,strong,0.98,per 1 SD lower ridge
F1_low_ridge,MAI_worse,raw_z,True,8,insufficient_data,,,,,,,,,,,9,8,strong,0.98,per 1 SD lower ridge
F1_low_ridge,MAI_worse_rank,rank_normal,False,8,ok,-0.6073447610586449,0.23921771834894456,-1.0762114890225762,-0.13847803309471352,-0.49421802442443497,0.21579182558109603,-0.9171622307215324,-0.07127381812733763,0.011003307393038463,0.030914987831150764,9,8,strong,0.98,per 1 SD lower ridge
F1_low_ridge,MAI_worse_rank,rank_normal,True,8,insufficient_data,,,,,,,,,,,9,8,strong,0.98,per 1 SD lower ridge
F1_low_ridge,OHIP_worse,raw_z,False,9,ok,-0.7375122444799475,0.35801276837967727,-1.4392172705041149,-0.035807218455780054,-0.4875493272406075,0.29108724724626,-1.0580698482021833,0.08297119372096817,0.04697446729498654,0.0697596617981543,9,8,strong,0.98,per 1 SD lower ridge
F1_low_ridge,OHIP_worse,raw_z,True,8,insufficient_data,,,,,,,,,,,9,8,strong,0.98,per 1 SD lower ridge
F1_low_ridge,OHIP_worse_rank,rank_normal,False,9,ok,-0.6674540473642955,0.3753240428516359,-1.4030891713535019,0.06818107662491091,-0.4269048714509092,0.3001658325407017,-1.0152190926201656,0.16140934971834714,0.07747973679891734,0.0984618783759631,9,8,strong,0.98,per 1 SD lower ridge
F1_low_ridge,OHIP_worse_rank,rank_normal,True,8,insufficient_data,,,,,,,,,,,9,8,strong,0.98,per 1 SD lower ridge
F1_low_ridge,GOHAI_worse,raw_z,False,9,ok,-0.5566044298608079,0.44870894598901245,-1.4360739639992723,0.32286510427765647,-0.30830680715824277,0.33395115961456534,-0.962839052598178,0.3462254382816923,0.17794907876677118,0.15566104282988102,9,8,strong,0.98,per 1 SD lower ridge
F1_low_ridge,GOHAI_worse,raw_z,True,8,insufficient_data,,,,,,,,,,,9,8,strong,0.98,per 1 SD lower ridge
F1_low_ridge,GOHAI_worse_rank,rank_normal,False,9,ok,-0.5371173269016962,0.45699353150556643,-1.4328246486526064,0.35858999484921394,-0.2926476071768868,0.33732455831621544,-0.9537915925775504,0.3684963782237766,0.19281899514121986,0.16175345822263465,9,8,strong,0.98,per 1 SD lower ridge
F1_low_ridge,GOHAI_worse_rank,rank_normal,True,8,insufficient_data,,,,,,,,,,,9,8,strong,0.98,per 1 SD lower ridge
F3_low_palate,MAI_worse,raw_z,False,8,ok,0.18974831712605827,0.2249660914132211,-0.25118522204385507,0.6306818562959716,0.15780286733496382,0.2051566229499562,-0.24429672483681394,0.5599024595067414,0.7791074868438979,0.2846210670925185,9,9,strong,0.98,per 1 SD lower vault
F3_low_palate,MAI_worse,raw_z,True,8,insufficient_data,,,,,,,,,,,9,9,strong,0.98,per 1 SD lower vault
F3_low_palate,MAI_worse_rank,rank_normal,False,8,ok,0.11224902708388611,0.3397661781207649,-0.5536926820328131,0.7781907362005852,0.07679010424797351,0.28102275100454427,-0.4740043665573007,0.6275845750532476,0.6076703481894619,0.2682682251216522,9,9,strong,0.98,per 1 SD lower vault
F3_low_palate,MAI_worse_rank,rank_normal,True,8,insufficient_data,,,,,,,,,,,9,9,strong,0.98,per 1 SD lower vault
F3_low_palate,OHIP_worse,raw_z,False,9,ok,0.7360139017516198,0.4816003901987036,-0.20792286303783913,1.6799506665410788,0.38179831873797176,0.346865277296032,-0.29804513224975004,1.0616417697256932,0.8644887039198258,0.1258616639913278,9,9,strong,0.98,per 1 SD lower vault
F3_low_palate,OHIP_worse,raw_z,True,8,insufficient_data,,,,,,,,,,,9,9,strong,0.98,per 1 SD lower vault
F3_low_palate,OHIP_worse_rank,rank_normal,False,9,ok,0.7404933310276224,0.4236981356471418,-0.08995501484077562,1.5709416768960205,0.431000384805925,0.3232472257017632,-0.20255253567202108,1.064553305283871,0.908790852342099,0.10269931009637218,9,9,strong,0.98,per 1 SD lower vault
F3_low_palate,OHIP_worse_rank,rank_normal,True,8,insufficient_data,,,,,,,,,,,9,9,strong,0.98,per 1 SD lower vault
F3_low_palate,GOHAI_worse,raw_z,False,9,ok,0.47275134302808286,0.5498439318840412,-0.6049427634646379,1.5504454495208035,0.21398111445674242,0.369922522107417,-0.511053705944017,0.9390159348575017,0.7185193087990895,0.18099175072550777,9,9,strong,0.98,per 1 SD lower vault
F3_low_palate,GOHAI_worse,raw_z,True,8,insufficient_data,,,,,,,,,,,9,9,strong,0.98,per 1 SD lower vault
F3_low_palate,GOHAI_worse_rank,rank_normal,False,9,ok,0.4376921378079092,0.46361099247841925,-0.4709854074497925,1.346369683065611,0.23535117510398876,0.33995977846182457,-0.43095774687340316,0.9016600970813805,0.7556227735310048,0.18330622136195812,9,9,strong,0.98,per 1 SD lower vault
F3_low_palate,GOHAI_worse_rank,rank_normal,True,8,insufficient_data,,,,,,,,,,,9,9,strong,0.98,per 1 SD lower vault
F4_low_angle,MAI_worse,raw_z,False,8,ok,0.4724329414575307,0.3697817641325443,-0.25233931624225614,1.1972051991573176,0.30539555578890315,0.2973081129010752,-0.27731763780877267,0.8881087493865789,0.8478373752443955,0.15847559744450612,9,9,moderate,0.9,per 1 SD lower angle
F4_low_angle,MAI_worse,raw_z,True,8,insufficient_data,,,,,,,,,,,9,9,moderate,0.9,per 1 SD lower angle
F4_low_angle,MAI_worse_rank,rank_normal,False,8,ok,0.42362279463576236,0.297606416106537,-0.15968578093305008,1.0069313702045748,0.3128033504976777,0.255733915202932,-0.18842591292548927,0.8140326139208446,0.8893652576517391,0.1494253342455215,9,9,moderate,0.9,per 1 SD lower angle
F4_low_angle,MAI_worse_rank,rank_normal,True,8,insufficient_data,,,,,,,,,,,9,9,moderate,0.9,per 1 SD lower angle
F4_low_angle,OHIP_worse,raw_z,False,9,ok,0.9199036964849217,0.42965160232066746,0.07778655593641348,1.7620208370334298,0.5291662675285711,0.32586771070000076,-0.10952270916794815,1.1678552442250902,0.9477980475684321,0.06716256503295913,9,9,moderate,0.9,per 1 SD lower angle
F4_low_angle,OHIP_worse,raw_z,True,8,insufficient_data,,,,,,,,,,,9,9,moderate,0.9,per 1 SD lower angle
F4_low_angle,OHIP_worse_rank,rank_normal,False,9,ok,0.7247390564386619,0.4048488616824901,-0.06876471245901872,1.5182428253363425,0.4377473438364791,0.31463993897177306,-0.17893560464607677,1.054430292319035,0.9179273665360168,0.09781937116346115,9,9,moderate,0.9,per 1 SD lower angle
F4_low_angle,OHIP_worse_rank,rank_normal,True,8,insufficient_data,,,,,,,,,,,9,9,moderate,0.9,per 1 SD lower angle
F4_low_angle,GOHAI_worse,raw_z,False,9,ok,0.951399363660599,0.3559470081310859,0.25374322772367064,1.6490554995975273,0.6314067735832415,0.28997365110805096,0.06306886094587838,1.1997446862206045,0.9852769644546943,0.027601611778837683,9,9,moderate,0.9,per 1 SD lower angle
F4_low_angle,GOHAI_worse,raw_z,True,8,insufficient_data,,,,,,,,,,,9,9,moderate,0.9,per 1 SD lower angle
F4_low_angle,GOHAI_worse_rank,rank_normal,False,9,ok,0.7404255055232642,0.24180775191901857,0.26648231176198783,1.2143686992845406,0.6000770997882945,0.21768728402334175,0.17341786321020303,1.026736336366386,0.9970797261146608,0.010152904370447012,9,9,moderate,0.9,per 1 SD lower angle
F4_low_angle,GOHAI_worse_rank,rank_normal,True,8,insufficient_data,,,,,,,,,,,9,9,moderate,0.9,per 1 SD lower angle
F5_any_flabby,MAI_worse,raw_z,False,34,ok,0.10904563494203799,0.41308821817416885,-0.700607272679333,0.918698542563409,0.06480906987938187,0.31846122402464594,-0.5593634596814662,0.6889815994402296,0.5806305898998378,0.2415970939655847,39,2,weak,0.8,any vs none
F5_any_flabby,MAI_worse,raw_z,True,31,ok,0.3120577410756437,0.45257629300212204,-0.5749917932085156,1.1991072753598029,0.17152615542609775,0.33553628933814483,-0.48611288718287726,0.8291651980350725,0.6953944951585068,0.2064059929459191,39,2,weak,0.8,any vs none
F5_any_flabby,MAI_worse_rank,rank_normal,False,34,ok,-0.044858784429528405,0.39112636891311503,-0.8114664674992338,0.721748898640177,-0.02782942244932571,0.3080671865407617,-0.6316300128878013,0.5759711679891497,0.4640102806126393,0.2535190219711028,39,2,weak,0.8,any vs none
F5_any_flabby,MAI_worse_rank,rank_normal,True,31,ok,0.0808370690696106,0.4473599781566669,-0.7959884881174565,0.9576626262566778,0.04489641795320558,0.3333939352137739,-0.6085436877298716,0.6983365236362825,0.5535615359768048,0.23371579359811462,39,2,weak,0.8,any vs none
F5_any_flabby,OHIP_worse,raw_z,False,39,ok,0.3654566641577937,0.42167670213668274,-0.4610296720301044,1.191943000345692,0.21356186387066267,0.32234691269872523,-0.41822647554651593,0.8453502032878412,0.746181572813456,0.19696812420276993,39,2,weak,0.8,any vs none
F5_any_flabby,OHIP_worse,raw_z,True,33,ok,0.37611634722946496,0.4857465988805423,-0.5759469865763979,1.3281796810353277,0.1934954904220179,0.3484047661740872,-0.4893653033212921,0.8763562841653278,0.7106810954089493,0.19443118159226735,39,2,weak,0.8,any vs none
F5_any_flabby,OHIP_worse_rank,rank_normal,False,39,ok,0.38665595333237796,0.35777612053429275,-0.31458524291483586,1.0878971495795917,0.25572229829222115,0.2909600075903228,-0.31454883752631246,0.8259934341107547,0.8102699654439027,0.18551126865120043,39,2,weak,0.8,any vs none
F5_any_flabby,OHIP_worse_rank,rank_normal,True,33,ok,0.4640915730548326,0.436912310670768,-0.39225655585987274,1.320439701969538,0.2631546878355317,0.3290015893540318,-0.3816765781548072,0.9079859538258706,0.788103581391303,0.17514133104462004,39,2,weak,0.8,any vs none
F5_any_flabby,GOHAI_worse,raw_z,False,39,ok,0.2992327773632687,0.4456095698659495,-0.5741619795739923,1.1726275343005297,0.16677117603817135,0.33266753718201014,-0.485245215664208,0.8187875677405505,0.6919252216127758,0.20915994896544232,39,2,weak,0.8,any vs none
F5_any_flabby,GOHAI_worse,raw_z,True,33,ok,0.2636600405989623,0.5178625063315022,-0.7513504718107821,1.2786705530087068,0.12720446513507294,0.3597025276757016,-0.5777995342573243,0.8322084645274701,0.6381948857383679,0.20604726375618343,39,2,weak,0.8,any vs none
F5_any_flabby,GOHAI_worse_rank,rank_normal,False,39,ok,0.3860728024689565,0.4059494161945459,-0.4095880532723535,1.1817336582102664,0.23268896021523186,0.31515572922510743,-0.38500491858743613,0.8503828390178998,0.7698430593211188,0.19129997749294453,39,2,weak,0.8,any vs none
F5_any_flabby,GOHAI_worse_rank,rank_normal,True,33,ok,0.35056427724682665,0.4825967582500948,-0.5953253689233591,1.2964539234170125,0.18148920328822352,0.3472369779370348,-0.49908276756889425,0.862061174145341,0.6993968902014525,0.19844690273841725,39,2,weak,0.8,any vs none
F6_deviation_from_90,MAI_worse,raw_z,False,8,ok,-0.1634217733388203,0.4978678179179411,-1.139242696457985,0.8123991497803442,-0.08206007458769382,0.35279713425672216,-0.7735297515798115,0.6094096024044238,0.40803660671347813,0.2173670701934558,9,9,strong,0.98,per 1 SD absolute deviation
F6_deviation_from_90,MAI_worse,raw_z,True,8,insufficient_data,,,,,,,,,,,9,9,strong,0.98,per 1 SD absolute deviation
F6_deviation_from_90,MAI_worse_rank,rank_normal,False,8,ok,-0.36074352257701825,0.6654544840637056,-1.665034311341881,0.9435472661878447,-0.13017034994666024,0.3997377109097212,-0.9136418665921978,0.6533011666988772,0.3723485978387999,0.18754422515322544,9,9,strong,0.98,per 1 SD absolute deviation
F6_deviation_from_90,MAI_worse_rank,rank_normal,True,8,insufficient_data,,,,,,,,,,,9,9,strong,0.98,per 1 SD absolute deviation
F6_deviation_from_90,OHIP_worse,raw_z,False,9,ok,-0.6649869533082398,1.5967065413222945,-3.7945317742999367,2.464557867683457,-0.05938503812330735,0.4771523443192561,-0.9945864481279045,0.8758163718812898,0.4504766486407418,0.16473979513754144,9,9,strong,0.98,per 1 SD absolute deviation
F6_deviation_from_90,OHIP_worse,raw_z,True,8,insufficient_data,,,,,,,,,,,9,9,strong,0.98,per 1 SD absolute deviation
F6_deviation_from_90,OHIP_worse_rank,rank_normal,False,9,ok,-0.5557210229861587,1.4326385751870934,-3.363692630352862,2.252250584380544,-0.06034009746216171,0.4720752493341844,-0.9855905841499295,0.8649103892256058,0.4491461812465341,0.1664162164121628,9,9,strong,0.98,per 1 SD absolute deviation
F6_deviation_from_90,OHIP_worse_rank,rank_normal,True,8,insufficient_data,,,,,,,,,,,9,9,strong,0.98,per 1 SD absolute deviation
F6_deviation_from_90,GOHAI_worse,raw_z,False,9,ok,-0.7079493598125939,0.3939126760936729,-1.4800182049561927,0.06411948533100498,-0.43682544275863633,0.3094231640965045,-1.0432837003702125,0.16963281485293957,0.07901308217093406,0.09679695101622421,9,9,strong,0.98,per 1 SD absolute deviation
F6_deviation_from_90,GOHAI_worse,raw_z,True,8,insufficient_data,,,,,,,,,,,9,9,strong,0.98,per 1 SD absolute deviation
F6_deviation_from_90,GOHAI_worse_rank,rank_normal,False,9,ok,-0.6943087684485828,0.24228457155671193,-1.169186528699738,-0.21943100819742745,-0.5622810895725748,0.21803497953846052,-0.9896217968378851,-0.13494038230726463,0.0049563869185098594,0.01580119834402549,9,9,strong,0.98,per 1 SD absolute deviation
F6_deviation_from_90,GOHAI_worse_rank,rank_normal,True,8,insufficient_data,,,,,,,,,,,9,9,strong,0.98,per 1 SD absolute deviation
F7_any_torus,MAI_worse,raw_z,False,34,ok,-0.9505176963571159,0.40594838980993636,-1.746176540384591,-0.1548588523296407,-0.5728852624597831,0.3151552489714933,-1.1905781999826641,0.044807675063097574,0.03454831129221618,0.050367825120113285,39,2,strong,0.98,any vs none
F7_any_torus,MAI_worse,raw_z,True,31,ok,-0.7887470488743147,0.4512298831267782,-1.6731576198028,0.09566352205417061,-0.43470702700871694,0.3349865037464807,-1.091268509658811,0.22185445564137712,0.09719776627115184,0.10363566163304694,39,2,strong,0.98,any vs none
F7_any_torus,MAI_worse_rank,rank_normal,False,34,ok,-0.9346802199133248,0.3528709458768723,-1.6263072738319946,-0.2430531659946552,-0.6239222536642353,0.28830330006967947,-1.1889863384248511,-0.0588581689036195,0.015227661501132769,0.028568684551165235,39,2,strong,0.98,any vs none
F7_any_torus,MAI_worse_rank,rank_normal,True,31,ok,-0.8410570053516884,0.4220965356622297,-1.6683662152496586,-0.013747795453718181,-0.4910817394181655,0.3225343427736019,-1.123237435031722,0.14107395619539081,0.06393291742357485,0.07922545787737978,39,2,strong,0.98,any vs none
F7_any_torus,OHIP_worse,raw_z,False,39,ok,-0.6148235297204506,0.30032598731309607,-1.2034624648541188,-0.02618459458678235,-0.4518160665685678,0.25745332714313107,-0.9564153154691131,0.052783182331977374,0.03963447843705249,0.06984536724329649,39,2,strong,0.98,any vs none
F7_any_torus,OHIP_worse,raw_z,True,33,ok,-0.721945233655213,0.3550573610804567,-1.4178576613729081,-0.02603280593751789,-0.4799328792289042,0.2894920528517206,-1.0473268766288426,0.08746111817103402,0.04867440340043946,0.07211679722642583,39,2,strong,0.98,any vs none
F7_any_torus,OHIP_worse_rank,rank_normal,False,39,ok,-0.5127033674337637,0.3318327027583622,-1.1630954648401537,0.13768872997262627,-0.3559323386877651,0.27648388512427075,-0.8978307958370455,0.18596611846151523,0.09898565188383823,0.12773926094560473,39,2,strong,0.98,any vs none
F7_any_torus,OHIP_worse_rank,rank_normal,True,33,ok,-0.5888442334394877,0.3582783688543666,-1.2910698363940463,0.11338136951507083,-0.38907320954017827,0.29122995219518083,-0.9598734270620546,0.18172700798169777,0.09078025210750412,0.11391063573549187,39,2,strong,0.98,any vs none
F7_any_torus,GOHAI_worse,raw_z,False,39,ok,-0.06023516946922935,0.33950200346776294,-0.7256590962660447,0.605188757327586,-0.04122741602251099,0.2808732186570603,-0.5917288088121928,0.5092739767671707,0.4416516483565755,0.2753262813479039,39,2,strong,0.98,any vs none
F7_any_torus,GOHAI_worse,raw_z,True,33,ok,-0.17221237734732095,0.4092419297960389,-0.9743265597475572,0.6299018050529153,-0.10312638183147763,0.3166888940041071,-0.7238252083833503,0.517572444720395,0.372348598881896,0.2354324321166429,39,2,strong,0.98,any vs none
F7_any_torus,GOHAI_worse_rank,rank_normal,False,39,ok,0.011933747587116914,0.3226591995495669,-0.6204782835300342,0.6443457787042681,0.008425194620180576,0.27111003875291384,-0.522940717182789,0.53979110642315,0.5123957985316415,0.28763065062173865,39,2,strong,0.98,any vs none
F7_any_torus,GOHAI_worse_rank,rank_normal,True,33,ok,-0.12289741205463832,0.38105545333491636,-0.8697661005910744,0.6239712764817977,-0.07774316722237762,0.30307347405408863,-0.671756261037826,0.5162699265930706,0.39877624944349777,0.25049061938144573,39,2,strong,0.98,any vs none
A1_ridge_saturated,MAI_worse,raw_z,False,35,ok,0.21916264494413987,0.47308661052476725,-0.708087111684404,1.1464124015726838,0.11563823560872478,0.3436434879711389,-0.557890624336431,0.7891670955538803,0.631755489741983,0.2166876263247854,41,4,strong,0.98,best-to-worst saturated contrast
A1_ridge_saturated,MAI_worse,raw_z,True,32,ok,0.18031804075833538,0.6056838893206276,-1.0068223823100946,1.3674584638267653,0.07307982956320182,0.38558949627162026,-0.6826616959461155,0.828821355072519,0.5751603146830999,0.2010673289658511,41,4,strong,0.98,best-to-worst saturated contrast
A1_ridge_saturated,MAI_worse_rank,rank_normal,False,35,ok,0.024700899258257466,0.49813454732011286,-0.9516428134891637,1.0010446120056786,0.012396613944242943,0.3528920045250112,-0.6792590053569248,0.7040522332454107,0.5140114154257255,0.22297495838359926,41,4,strong,0.98,best-to-worst saturated contrast
A1_ridge_saturated,MAI_worse_rank,rank_normal,True,32,ok,-0.028511374080129687,0.6669551663727245,-1.3357435001706697,1.2787207520104102,-0.010258411106042744,0.40006229005621596,-0.7943660911888428,0.7738492689767571,0.4897714291372782,0.19731900851994544,41,4,strong,0.98,best-to-worst saturated contrast
A1_ridge_saturated,OHIP_worse,raw_z,False,41,ok,0.6958667854320096,0.40336083644565585,-0.09472045400147577,1.4864540248654952,0.42153310243226544,0.31393990142111156,-0.19377779766316833,1.036844002527699,0.9103185264592102,0.10454204395631361,41,4,strong,0.98,best-to-worst saturated contrast
A1_ridge_saturated,OHIP_worse,raw_z,True,35,ok,0.9218281437650188,0.4215028096983311,0.09568263675628985,1.7479736507737478,0.5388732804329746,0.32226921215084475,-0.09276276870877931,1.1705093295747282,0.9527498177035021,0.06291097852475236,41,4,strong,0.98,best-to-worst saturated contrast
A1_ridge_saturated,OHIP_worse_rank,rank_normal,False,41,ok,0.8430372639313821,0.4037933332885764,0.05160233068577236,1.6344721971769918,0.5102525061299517,0.314143683479684,-0.10545779946097955,1.1259628117208829,0.9478403396894272,0.06975380797220519,41,4,strong,0.98,best-to-worst saturated contrast
A1_ridge_saturated,OHIP_worse_rank,rank_normal,True,35,ok,1.0285227848396092,0.4706364554000251,0.1060753322555601,1.9509702374236584,0.5453476559991979,0.34270096817941814,-0.1263338990994689,1.2170292110978647,0.9442314575473602,0.06704038658468381,41,4,strong,0.98,best-to-worst saturated contrast
A1_ridge_saturated,GOHAI_worse,raw_z,False,41,ok,0.4458423475798727,0.47931585889077916,-0.4936167358460544,1.3853014310057998,0.23233361609106398,0.34600881735076366,-0.4458312042497308,0.9104984364318585,0.7490385668808899,0.18265355432327468,41,4,strong,0.98,best-to-worst saturated contrast
A1_ridge_saturated,GOHAI_worse,raw_z,True,35,ok,0.7935255325743664,0.5760429468856892,-0.33551864332158443,1.9225697084703173,0.34096372727354424,0.37759697011362386,-0.3991127348206059,1.0810401893676942,0.8167325991815735,0.1402473040942448,41,4,strong,0.98,best-to-worst saturated contrast
A1_ridge_saturated,GOHAI_worse_rank,rank_normal,False,41,ok,0.659255850975227,0.4798454863686794,-0.28124130230738464,1.5997530042578387,0.3431824726597914,0.34620789474066005,-0.33537253219533647,1.021737477514919,0.8392209869016889,0.14095533024394852,41,4,strong,0.98,best-to-worst saturated contrast
A1_ridge_saturated,GOHAI_worse_rank,rank_normal,True,35,ok,0.9516859814860572,0.6186650137102055,-0.2608974453859456,2.1642694083580603,0.37601398550263304,0.38887562307347046,-0.3861682301869425,1.1381962011922084,0.8332095083576179,0.1284605493155328,41,4,strong,0.98,best-to-worst saturated contrast
A3_category_2_proportion,MAI_worse,raw_z,False,35,ok,-0.5745674216388259,0.5772693926096925,-1.7060154311538231,0.5568805878761713,-0.24628260633522606,0.3779417790773327,-0.987034881579792,0.49446966890933974,0.2573161847060028,0.1695869242886584,41,3,exploratory,,proportion of sides in category 2; category 1 reference
A3_category_2_proportion,MAI_worse,raw_z,True,32,ok,-0.47056990669472276,0.6866967309524846,-1.8164954993615927,0.8753556859721471,-0.16304079457657308,0.4042044089673306,-0.9552668785448402,0.6291852893916938,0.3433408815145459,0.1804311004832756,41,3,exploratory,,proportion of sides in category 2; category 1 reference
A3_category_2_proportion,MAI_worse_rank,rank_normal,False,35,ok,-0.45034717274404734,0.4947306587107943,-1.420019263817204,0.5193249183291094,-0.22755912294260922,0.35167559423117645,-0.9168306218774371,0.46171237599221865,0.2587929556194031,0.18259060261669735,41,3,exploratory,,proportion of sides in category 2; category 1 reference
A3_category_2_proportion,MAI_worse_rank,rank_normal,True,32,ok,-0.36447209462234864,0.5409814279815706,-1.4247956934662271,0.6958515042215297,-0.1679096886201903,0.3671876728408575,-0.8875843029553473,0.5517649257149666,0.3237328371069645,0.19382651224035596,41,3,exploratory,,proportion of sides in category 2; category 1 reference
A3_category_2_proportion,OHIP_worse,raw_z,False,41,ok,-0.6593255074951309,0.2547943890196135,-1.1587225099735732,-0.15992850501668843,-0.523406840806529,0.2270176471599634,-0.968353253095079,-0.07846042851797908,0.010567118289015956,0.02806918406206882,41,3,exploratory,,proportion of sides in category 2; category 1 reference
A3_category_2_proportion,OHIP_worse,raw_z,True,35,ok,-0.6423705293990304,0.37521347103060704,-1.37778893261902,0.09304787382095936,-0.4109486576582875,0.30010926357501,-0.9991520056921455,0.1772546903755704,0.08544805151789164,0.10574661462597823,41,3,exploratory,,proportion of sides in category 2; category 1 reference
A3_category_2_proportion,OHIP_worse_rank,rank_normal,False,41,ok,-0.6568827197096377,0.3021382048002678,-1.2490736011181627,-0.0646918383011128,-0.48117989211318674,0.2585922238618864,-0.9880113375646034,0.025651553338229827,0.03138853955598525,0.05792820871738413,41,3,exploratory,,proportion of sides in category 2; category 1 reference
A3_category_2_proportion,OHIP_worse_rank,rank_normal,True,35,ok,-0.649147220924128,0.4804703771754791,-1.590869160188067,0.29257471833981097,-0.3374986032134986,0.3464423738281906,-1.016513178635314,0.3415159722083168,0.1649826040063117,0.14317824579198302,41,3,exploratory,,proportion of sides in category 2; category 1 reference
A3_category_2_proportion,GOHAI_worse,raw_z,False,41,ok,-0.6893469422161801,0.37235203067769107,-1.4191569223444547,0.04046303791209438,-0.4434285188706242,0.2986390603745664,-1.0287503215816574,0.14189328384040878,0.06879430589290281,0.0906727274700675,41,3,exploratory,,proportion of sides in category 2; category 1 reference
A3_category_2_proportion,GOHAI_worse,raw_z,True,35,ok,-0.6544082463262397,0.48323889428449707,-1.601556479123854,0.29273998647137456,-0.33835646810404846,0.3474759426378805,-1.0193968011684003,0.34268386496030306,0.16508907813184315,0.14281115388598875,41,3,exploratory,,proportion of sides in category 2; category 1 reference
A3_category_2_proportion,GOHAI_worse_rank,rank_normal,False,41,ok,-0.5566857453663473,0.3598053516026364,-1.2619042345075147,0.14853274377481995,-0.36676191509848055,0.2920483010124521,-0.9391660668289994,0.20564223663203818,0.10458949077357549,0.12551629911670903,41,3,exploratory,,proportion of sides in category 2; category 1 reference
A3_category_2_proportion,GOHAI_worse_rank,rank_normal,True,35,ok,-0.524831567988077,0.5222192864415305,-1.5483813694134767,0.4987182334373227,-0.25101326393496276,0.3611530340598977,-0.9588602035997298,0.4568336757298041,0.24351732161322126,0.17237743186918275,41,3,exploratory,,proportion of sides in category 2; category 1 reference
A3_category_3_proportion,MAI_worse,raw_z,False,35,ok,-1.5717093890123943,0.7494559288203989,-3.0406430095003762,-0.10277576852441239,-0.48408895043162925,0.41593221674506176,-1.299301115261858,0.3311232143985994,0.12223936224999832,0.09777222643777317,41,3,exploratory,,proportion of sides in category 3; category 1 reference
A3_category_3_proportion,MAI_worse,raw_z,True,32,ok,-1.5217543421441748,0.8755639544586873,-3.2378596928832017,0.19435100859485233,-0.37422192177669183,0.4341903946853318,-1.2252194577931736,0.4767756142397898,0.19437557097516422,0.12646070611989702,41,3,exploratory,,proportion of sides in category 3; category 1 reference
A3_category_3_proportion,MAI_worse_rank,rank_normal,False,35,ok,-1.483503368467873,0.5791551675025365,-2.6186474967728444,-0.34835924016290143,-0.6335201967070301,0.37846951155772435,-1.3753068086066356,0.1082664151925754,0.0470751059901995,0.05301321905325185,41,3,exploratory,,proportion of sides in category 3; category 1 reference
A3_category_3_proportion,MAI_worse_rank,rank_normal,True,32,ok,-1.49418039066027,0.6908449291974192,-2.8482364518872116,-0.1401243294333283,-0.5136287545482534,0.40504541683753725,-1.3075031836528401,0.2802456745563332,0.10238523702451069,0.08869105830005208,41,3,exploratory,,proportion of sides in category 3; category 1 reference
A3_category_3_proportion,OHIP_worse,raw_z,False,41,ok,-0.04419174555950605,0.4824385715337987,-0.9897713457657514,0.9013878546467394,-0.02288556315226852,0.34717803962388155,-0.7033420170382964,0.6575708907337591,0.47372123255874654,0.22620279448904984,41,3,exploratory,,proportion of sides in category 3; category 1 reference
A3_category_3_proportion,OHIP_worse,raw_z,True,35,ok,0.2112128024387484,0.6061689887546483,-0.9768784155203624,1.3993040203978593,0.08551944889052113,0.3857145676820326,-0.6704672120787001,0.8415061098597421,0.5877328741414218,0.19970685133358057,41,3,exploratory,,proportion of sides in category 3; category 1 reference
A3_category_3_proportion,OHIP_worse_rank,rank_normal,False,41,ok,0.12427008042860054,0.4767758337324094,-0.8102105536869219,1.0587507145441228,0.06508806003141034,0.34504966356587813,-0.6111968534353734,0.741372973498194,0.574810115090827,0.22413004284353089,41,3,exploratory,,proportion of sides in category 3; category 1 reference
A3_category_3_proportion,OHIP_worse_rank,rank_normal,True,35,ok,0.3866136916811848,0.6081706082014802,-0.8054007003937163,1.578628083756086,0.1559249371609145,0.3862287525089847,-0.6010695075505297,0.9129193818723585,0.6567875096293618,0.1886501130590978,41,3,exploratory,,proportion of sides in category 3; category 1 reference
A3_category_3_proportion,GOHAI_worse,raw_z,False,41,ok,-0.06963297137253036,0.6251924855224658,-1.295010242996563,1.1557443002515024,-0.02716363875544041,0.3904813162877412,-0.7924929553152069,0.738165677804326,0.47227014542632545,0.2016440067915688,41,3,exploratory,,proportion of sides in category 3; category 1 reference
A3_category_3_proportion,GOHAI_worse,raw_z,True,35,ok,0.06882409771235402,0.7440277225484501,-1.389470238482608,1.527118433907316,0.021411786342836754,0.41499733235386715,-0.7919680387509419,0.8347916114366154,0.5205742972921017,0.19016964927673397,41,3,exploratory,,proportion of sides in category 3; category 1 reference
A3_category_3_proportion,GOHAI_worse_rank,rank_normal,False,41,ok,-0.1452316227164073,0.6132842027650082,-1.3472686601358232,1.0568054147030088,-0.057988963580006644,0.387528686688285,-0.817531232465152,0.7015533053051387,0.4405251680324249,0.201410685279435,41,3,exploratory,,proportion of sides in category 3; category 1 reference
A3_category_3_proportion,GOHAI_worse_rank,rank_normal,True,35,ok,0.03234839312457487,0.7095405870418262,-1.3583511574774043,1.4230479437265542,0.010733454662408316,0.4087150687778064,-0.7903333600809036,0.8118002694057199,0.5104756028437445,0.193222121605301,41,3,exploratory,,proportion of sides in category 3; category 1 reference
A4_any_torus,MAI_worse,raw_z,False,34,ok,-0.0974875265175499,0.45392185665652174,-0.9871743655643325,0.7921993125292327,-0.053441828883240776,0.33608352617292164,-0.712153435979392,0.6052697782129103,0.4368291058466238,0.23109566488218924,40,2,strong,0.98,any side vs none
A4_any_torus,MAI_worse,raw_z,True,31,ok,0.05039204901524688,0.5601104500692006,-1.0474244331203861,1.14820853115088,0.02234784858266912,0.37300145562655157,-0.7087215706263872,0.7534172677917254,0.5238877637375468,0.21100411476488823,40,2,strong,0.98,any side vs none
A4_any_torus,MAI_worse_rank,rank_normal,False,34,ok,-0.2139156552309222,0.4885393337782591,-1.17145274943631,0.7436214389744655,-0.10943753313941353,0.3494309739461976,-0.794309657156715,0.5754345908778877,0.37706897688403046,0.2147626041524482,40,2,strong,0.98,any side vs none
A4_any_torus,MAI_worse_rank,rank_normal,True,31,ok,-0.04741491917477832,0.5847051018115863,-1.1934369187254874,1.0986070803759307,-0.020027249899432883,0.3800056330397294,-0.7648246045796466,0.7247701047807809,0.4789844703715935,0.2072866290613452,40,2,strong,0.98,any side vs none
A4_any_torus,OHIP_worse,raw_z,False,40,ok,-0.524274799592324,0.28373027845822074,-1.0803861453704366,0.03183654618578857,-0.39657355936310307,0.24676756203238273,-0.880229093499327,0.08708197477312074,0.05401914517411779,0.09262051356572076,40,2,strong,0.98,any side vs none
A4_any_torus,OHIP_worse,raw_z,True,34,ok,-0.7490508042212921,0.39098568633695496,-1.5153827494417238,0.017281140999139577,-0.4648218800182568,0.3079984299550893,-1.0684877100251144,0.13884394998860078,0.06562771814899843,0.08477066724371662,40,2,strong,0.98,any side vs none
A4_any_torus,OHIP_worse_rank,rank_normal,False,40,ok,-0.4138260728163508,0.3427411453595141,-1.0855987177209985,0.2579465720882968,-0.28153617424210853,0.282699097007348,-0.8356162228385058,0.2725438743542886,0.15965268208363137,0.1718177516458479,40,2,strong,0.98,any side vs none
A4_any_torus,OHIP_worse_rank,rank_normal,True,34,ok,-0.6324890035029077,0.43163922505876695,-1.4785018846180908,0.21352387761227554,-0.36240602698154006,0.32673233790580075,-1.0027896418614808,0.2779775878984005,0.13367557471177727,0.13245356136516762,40,2,strong,0.98,any side vs none
A4_any_torus,GOHAI_worse,raw_z,False,40,ok,-0.22086228805384123,0.33705145870540587,-0.8814831471164367,0.43975857100875426,-0.1518564694679323,0.27948086380930776,-0.6996288969023194,0.39591595796645473,0.29344375462267125,0.24264841520408797,40,2,strong,0.98,any side vs none
A4_any_torus,GOHAI_worse,raw_z,True,34,ok,-0.39710567116354106,0.4273231904178528,-1.2346591243825327,0.4404477820554505,-0.22948507937079277,0.32484833448742423,-0.8661761154039651,0.40720595666237946,0.23995802104599057,0.1898672595857681,40,2,strong,0.98,any side vs none
A4_any_torus,GOHAI_worse_rank,rank_normal,False,40,ok,-0.09460574282329062,0.343599209326177,-0.7680601931025974,0.5788487074560162,-0.06425965584976477,0.28318001694823836,-0.6192822902097542,0.49076297851022455,0.4102423620617224,0.26927826764677665,40,2,strong,0.98,any side vs none
A4_any_torus,GOHAI_worse_rank,rank_normal,True,34,ok,-0.3597578151579716,0.40644399027292644,-1.1563880360929075,0.43687240577696423,-0.2166188942671524,0.31538697611631117,-0.8347660086481167,0.40152822011381173,0.24609327519633256,0.19806705039091344,40,2,strong,0.98,any side vs none
A5_lingual_pouch_risk,MAI_worse,raw_z,False,35,ok,-0.3426893723567421,0.39117016087589174,-1.10938288767349,0.4240041429600057,-0.2125790244142067,0.3080885834852901,-0.8164215520933372,0.39126350326492354,0.24509923506852604,0.20224804231659332,41,5,strong,0.98,"bilateral mean, best-to-worst"
A5_lingual_pouch_risk,MAI_worse,raw_z,True,32,ok,-0.5581159483752662,0.4974563737362447,-1.5331304408983057,0.4168985441477733,-0.28048122355465577,0.3526506429122967,-0.9716637827876528,0.410701335678341,0.21320452720443606,0.16408874932704942,41,5,strong,0.98,"bilateral mean, best-to-worst"
A5_lingual_pouch_risk,MAI_worse_rank,rank_normal,False,35,ok,-0.25938152173450707,0.41475949099874637,-1.0723101240920498,0.5535470806230358,-0.15365277776736713,0.31922509426160606,-0.779322465481519,0.47201690994678464,0.3151408077109618,0.2198370630172255,41,5,strong,0.98,"bilateral mean, best-to-worst"
A5_lingual_pouch_risk,MAI_worse_rank,rank_normal,True,32,ok,-0.45754733810797305,0.519645009784589,-1.4760515572857675,0.5609568810698213,-0.21996159567767534,0.3602982687231648,-0.9261332260672127,0.48621003471186186,0.27076577879211094,0.1823278271949884,41,5,strong,0.98,"bilateral mean, best-to-worst"
A5_lingual_pouch_risk,OHIP_worse,raw_z,False,41,ok,0.3975816587099369,0.5468029695092671,-0.6741521615282265,1.4693154789481002,0.1810502618830691,0.36899227358321607,-0.5421613049135849,0.904261828679723,0.6881670206409227,0.1899421438755896,41,5,strong,0.98,"bilateral mean, best-to-worst"
A5_lingual_pouch_risk,OHIP_worse,raw_z,True,35,ok,0.87439774618824,0.6549917144384275,-0.4093860141110779,2.1581815064875576,0.32193649843715616,0.39743526453906586,-0.457022306245562,1.100895303119874,0.791039987196809,0.14408053548756106,41,5,strong,0.98,"bilateral mean, best-to-worst"
A5_lingual_pouch_risk,OHIP_worse_rank,rank_normal,False,41,ok,0.5408422033289919,0.5192284958324157,-0.47684564850254274,1.5585300551605266,0.2602213456387449,0.3601593480239126,-0.44567800518355105,0.9661206964610406,0.7650117415198247,0.1695959997239488,41,5,strong,0.98,"bilateral mean, best-to-worst"
A5_lingual_pouch_risk,OHIP_worse_rank,rank_normal,True,35,ok,1.0046179295470765,0.6755488816176637,-0.31945787842354423,2.328693737517697,0.35555841979587627,0.4018942573644465,-0.4321398502319104,1.143256689823663,0.8118424972850771,0.13392949808854898,41,5,strong,0.98,"bilateral mean, best-to-worst"
A5_lingual_pouch_risk,GOHAI_worse,raw_z,False,41,ok,-0.40107183623482345,0.48377321810225227,-1.3492673437152378,0.547123671245591,-0.20714957148533503,0.3476744356748337,-0.8885789437532969,0.4742798007826267,0.2756494805231984,0.1904698729078581,41,5,strong,0.98,"bilateral mean, best-to-worst"
A5_lingual_pouch_risk,GOHAI_worse,raw_z,True,35,ok,-0.022617398991083462,0.5516554358805119,-1.1038620533168868,1.05862725533472,-0.010200447039174897,0.37047266965163245,-0.7363135368127798,0.7159126427344298,0.4890170697386359,0.21270368766500158,41,5,strong,0.98,"bilateral mean, best-to-worst"
A5_lingual_pouch_risk,GOHAI_worse_rank,rank_normal,False,41,ok,-0.41766644568051875,0.4545356178302327,-1.3085562566277749,0.4732233652667374,-0.22868158228912996,0.3363324118348531,-0.8878809963189351,0.43051783174067515,0.24827525334423156,0.18678514073945018,41,5,strong,0.98,"bilateral mean, best-to-worst"
A5_lingual_pouch_risk,GOHAI_worse_rank,rank_normal,True,35,ok,-0.02647177519233493,0.5339544705159784,-1.0730225374036526,1.0200789870189828,-0.012367506200963154,0.36496713839097683,-0.7276899529879236,0.7029549405859972,0.48648377758670863,0.21579241943416766,41,5,strong,0.98,"bilateral mean, best-to-worst"
A6_firm_gingiva_risk,MAI_worse,raw_z,False,35,ok,0.26887011327460647,0.47516242862837277,-0.6624482468370041,1.2001884733862171,0.14127878950283873,0.3444366137506175,-0.5338045684053052,0.8163621474109826,0.659160679868717,0.21049651662941105,41,5,strong,0.98,"bilateral mean, best-to-worst"
A6_firm_gingiva_risk,MAI_worse,raw_z,True,32,ok,0.3858587059601395,0.6116477909737847,-0.8129709643484786,1.5846883762687576,0.15456283296035309,0.3871148170021097,-0.6041682662455958,0.913293932166302,0.6551523893558165,0.18855493129169992,41,5,strong,0.98,"bilateral mean, best-to-worst"
A6_firm_gingiva_risk,MAI_worse_rank,rank_normal,False,35,ok,-0.06080488599566592,0.5179322854679907,-1.0759521655129278,0.9543423935215959,-0.029331613128529575,0.35972590889875217,-0.7343814388760206,0.6757182126189611,0.4675067412504833,0.21827128232365245,41,5,strong,0.98,"bilateral mean, best-to-worst"
A6_firm_gingiva_risk,MAI_worse_rank,rank_normal,True,32,ok,0.10891522638376502,0.6520331363986448,-1.1690697209575789,1.3869001737251088,0.04033017711374312,0.3967714664034322,-0.7373276071301282,0.8179879613576142,0.5404811117282557,0.1979815865984102,41,5,strong,0.98,"bilateral mean, best-to-worst"
A6_firm_gingiva_risk,OHIP_worse,raw_z,False,41,ok,0.5483191667556591,0.6213040440536426,-0.6694367595894803,1.7660750931007985,0.215527921462167,0.3895284988335546,-0.5479339072035526,0.9789897501278866,0.7099725840082933,0.1744292321613342,41,5,strong,0.98,"bilateral mean, best-to-worst"
A6_firm_gingiva_risk,OHIP_worse,raw_z,True,35,ok,0.7297800894243056,0.6897135152082853,-0.6220584003839336,2.081618579232545,0.251403930613125,0.40481701929073544,-0.5420228475255728,1.0448307087518227,0.7327103966859931,0.16151820566995673,41,5,strong,0.98,"bilateral mean, best-to-worst"
A6_firm_gingiva_risk,OHIP_worse_rank,rank_normal,False,41,ok,0.6839180581307157,0.5479733409641007,-0.3901096901589215,1.757945806420353,0.3107166092268896,0.36935129787007576,-0.4131986322415846,1.0346318506953636,0.7998959235227018,0.15109749726708172,41,5,strong,0.98,"bilateral mean, best-to-worst"
A6_firm_gingiva_risk,OHIP_worse_rank,rank_normal,True,35,ok,0.8006915290927059,0.62611843133597,-0.4265005963257953,2.027883654511207,0.31178397043965583,0.39070661403496293,-0.45398692159046333,1.0775548624697748,0.7875648235935819,0.14793710620874084,41,5,strong,0.98,"bilateral mean, best-to-worst"
A6_firm_gingiva_risk,GOHAI_worse,raw_z,False,41,ok,0.5824525523200031,0.5679320257795578,-0.5306942182079301,1.6955993228479365,0.25432530871614917,0.37528471221390824,-0.4812192111715901,0.9898698286038883,0.7510146932087229,0.167908567435387,41,5,strong,0.98,"bilateral mean, best-to-worst"
A6_firm_gingiva_risk,GOHAI_worse,raw_z,True,35,ok,0.9286235595045558,0.5754806246378752,-0.1993184647856796,2.056565583794791,0.39945749858943863,0.3774384556392572,-0.34030828084392456,1.1392232780228015,0.8550493359104241,0.12090326664382733,41,5,strong,0.98,"bilateral mean, best-to-worst"
A6_firm_gingiva_risk,GOHAI_worse_rank,rank_normal,False,41,ok,0.7256759478913044,0.5310665181917698,-0.3152144277645643,1.7665663235471731,0.3409928489836771,0.3640409113081905,-0.37251422607951656,1.0544999240468704,0.825540532395548,0.1411131873861925,41,5,strong,0.98,"bilateral mean, best-to-worst"
A6_firm_gingiva_risk,GOHAI_worse_rank,rank_normal,True,35,ok,0.96333687668785,0.5345511547307034,-0.08438338658432853,2.0110571399600286,0.44953148882712807,0.36515751139135816,-0.26616408218420856,1.1652270598384646,0.8908501374324638,0.10305848050534984,41,5,strong,0.98,"bilateral mean, best-to-worst"
A7_tuberculum_shape_risk,MAI_worse,raw_z,False,35,ok,-0.2500653830382183,0.6005113227920925,-1.4270675757107196,0.9269368096342832,-0.10238278395136215,0.38424469474214723,-0.855488546896558,0.6507229789938335,0.3949455443897219,0.19832611828259383,41,5,strong,0.98,"bilateral mean, best-to-worst"
A7_tuberculum_shape_risk,MAI_worse,raw_z,True,32,ok,-0.13877478416798056,0.6469759070525918,-1.4068475619910603,1.1292979936550993,-0.05189178399385419,0.39562354365141045,-0.8272996809867288,0.7235161129990202,0.44782256939596926,0.19787735607663415,41,5,strong,0.98,"bilateral mean, best-to-worst"
A7_tuberculum_shape_risk,MAI_worse_rank,rank_normal,False,35,ok,-0.2052345197572623,0.5402526499770582,-1.2641297137122964,0.8536606741977719,-0.0946875687927766,0.36695954102537437,-0.813915052985859,0.6245399154003055,0.3981908272600222,0.20790725475597222,41,5,strong,0.98,"bilateral mean, best-to-worst"
A7_tuberculum_shape_risk,MAI_worse_rank,rank_normal,True,32,ok,-0.18211299433523268,0.6104799750718177,-1.3786537454759953,1.01442775680553,-0.07311592553814976,0.38681824140707344,-0.831265747259134,0.6850338961828345,0.42503903525562364,0.20046112684154838,41,5,strong,0.98,"bilateral mean, best-to-worst"
A7_tuberculum_shape_risk,OHIP_worse,raw_z,False,41,ok,-0.7632051722984288,0.4154637850123782,-1.57751419092269,0.051103846325832425,-0.45148298039971374,0.31954587271846646,-1.0777813823363283,0.17481542153690072,0.07884412129052565,0.09348929493117897,41,5,strong,0.98,"bilateral mean, best-to-worst"
A7_tuberculum_shape_risk,OHIP_worse,raw_z,True,35,ok,-0.5521223188481241,0.44111597327117663,-1.4167096264596304,0.312464988763382,-0.3104718038889527,0.33078531049077287,-0.958799099065767,0.3378554912878614,0.17397062950243014,0.15497606642235207,41,5,strong,0.98,"bilateral mean, best-to-worst"
A7_tuberculum_shape_risk,OHIP_worse_rank,rank_normal,False,41,ok,-0.7872757068908924,0.4078011937127482,-1.5865660465678788,0.012014632786094048,-0.47277941218600583,0.3160198376354348,-1.0921669123516535,0.14660808797964187,0.06732116475308063,0.08412206788976029,41,5,strong,0.98,"bilateral mean, best-to-worst"
A7_tuberculum_shape_risk,OHIP_worse_rank,rank_normal,True,35,ok,-0.5777582801441835,0.45344238606347453,-1.4665053568285935,0.3109887965402266,-0.31702458426128666,0.33588877894409724,-0.975354493802853,0.34130532528027957,0.17262622630104946,0.15190040842785058,41,5,strong,0.98,"bilateral mean, best-to-worst"
A7_tuberculum_shape_risk,GOHAI_worse,raw_z,False,41,ok,-0.4771592449963834,0.508317082102208,-1.4734607259167112,0.5191422359239444,-0.23464405233490093,0.3564575422331851,-0.9332879971296092,0.4639998924598071,0.2551834558627827,0.17890078581176116,41,5,strong,0.98,"bilateral mean, best-to-worst"
A7_tuberculum_shape_risk,GOHAI_worse,raw_z,True,35,ok,-0.19067230804649646,0.5802104333354029,-1.3278847573838861,0.9465401412908931,-0.08125552306172559,0.3787635403906421,-0.8236184208842663,0.661107374760815,0.4150675248510755,0.20360397881417747,41,5,strong,0.98,"bilateral mean, best-to-worst"
A7_tuberculum_shape_risk,GOHAI_worse_rank,rank_normal,False,41,ok,-0.4592060790007276,0.5233036873461338,-1.4848813061991497,0.5664691481976947,-0.2191509633832433,0.36151113000984153,-0.9276997582129101,0.4893978314464232,0.2721882982572449,0.18218886658245348,41,5,strong,0.98,"bilateral mean, best-to-worst"
A7_tuberculum_shape_risk,GOHAI_worse_rank,rank_normal,True,35,ok,-0.1689035403361707,0.6161125450794476,-1.3764841286918879,1.0386770480195464,-0.06706836511890907,0.3882393359041027,-0.8280034808726988,0.6938667506348806,0.4314239500374163,0.20031865287026446,41,5,strong,0.98,"bilateral mean, best-to-worst"
A8_inclination_risk,MAI_worse,raw_z,False,35,ok,0.1729493519419104,0.41222555542233097,-0.6350127366858582,0.980911440569679,0.10296322578086747,0.3180654619008208,-0.5204336242708382,0.726360075832573,0.6269238845062779,0.23458483964294685,41,3,strong,0.98,bilateral mean; 2 and validation category 3 grouped
A8_inclination_risk,MAI_worse,raw_z,True,32,ok,0.15740419308328252,0.4830328990488141,-0.7893402890523931,1.104148675218958,0.08141807630022305,0.3473993336230201,-0.5994721058541113,0.7623082584545571,0.5926489977218882,0.22056932934323886,41,3,strong,0.98,bilateral mean; 2 and validation category 3 grouped
A8_inclination_risk,MAI_worse_rank,rank_normal,False,35,ok,0.015464766418779028,0.42422337079444644,-0.816013040338336,0.846942573175894,0.008991865369391954,0.3234802767380177,-0.6250178267461727,0.6430015574849566,0.5110880743533853,0.2426925074367351,41,3,strong,0.98,bilateral mean; 2 and validation category 3 grouped
A8_inclination_risk,MAI_worse_rank,rank_normal,True,32,ok,0.05277986685416615,0.48525874991141893,-0.898327282972215,1.0038870166805474,0.027179438810394807,0.3482246195794904,-0.6553282740955679,0.7096871517163574,0.5311064393555993,0.22534983567100175,41,3,strong,0.98,bilateral mean; 2 and validation category 3 grouped
A8_inclination_risk,OHIP_worse,raw_z,False,41,ok,0.2649012383209829,0.42324909101884134,-0.5646669800759461,1.0944694567179118,0.1543210642616771,0.3230476935704415,-0.4788407804251199,0.7874829089484741,0.6835694290764114,0.217665748189448,41,3,strong,0.98,bilateral mean; 2 and validation category 3 grouped
A8_inclination_risk,OHIP_worse,raw_z,True,35,ok,0.5794634399404957,0.4392132899499143,-0.28139460836133645,1.4403214882423279,0.32707866477908853,0.32998071613469154,-0.3196716544376421,0.9738289839958191,0.839207350662152,0.14788788713776202,41,3,strong,0.98,bilateral mean; 2 and validation category 3 grouped
A8_inclination_risk,OHIP_worse_rank,rank_normal,False,41,ok,0.4047736593772762,0.40834859974177673,-0.3955895961166062,1.2051369148711586,0.24281646048735003,0.3162743786841048,-0.37706993096627806,0.8627028519409781,0.7786791373873121,0.18659354908720854,41,3,strong,0.98,bilateral mean; 2 and validation category 3 grouped
A8_inclination_risk,OHIP_worse_rank,rank_normal,True,35,ok,0.6593466853669847,0.43425184755490165,-0.19178693584062256,1.510480306574592,0.3758463123961977,0.32786111234716864,-0.26674965973549336,1.0184422845278887,0.8741765384859013,0.12673657813736472,41,3,strong,0.98,bilateral mean; 2 and validation category 3 grouped
A8_inclination_risk,GOHAI_worse,raw_z,False,41,ok,0.056504207224409644,0.41907129634401397,-0.7648755336098577,0.877883948058677,0.03318929295386042,0.32117854237507487,-0.596309082708358,0.6626876686160788,0.5411518317229276,0.24320759035863193,41,3,strong,0.98,bilateral mean; 2 and validation category 3 grouped
A8_inclination_risk,GOHAI_worse,raw_z,True,35,ok,0.34866393407075347,0.41497938915194865,-0.4646956686670659,1.1620235368085727,0.20645275674840913,0.31932532083291076,-0.41941337143579394,0.8323188849326121,0.7410312607853919,0.2008222896506387,41,3,strong,0.98,bilateral mean; 2 and validation category 3 grouped
A8_inclination_risk,GOHAI_worse_rank,rank_normal,False,41,ok,0.27558969002213385,0.4091874881608655,-0.5264177867731624,1.07759716681743,0.1650496998531733,0.31666366360880044,-0.45559967603258267,0.7856990757389292,0.6988913303177289,0.21732687642582654,41,3,strong,0.98,bilateral mean; 2 and validation category 3 grouped
A8_inclination_risk,GOHAI_worse_rank,rank_normal,True,35,ok,0.5639901445879205,0.40685082430765135,-0.23343747105507606,1.3614177602309172,0.33932171639346603,0.31557694697715316,-0.2791977340328606,0.9578411668197926,0.8588668933297685,0.14217432829625143,41,3,strong,0.98,bilateral mean; 2 and validation category 3 grouped
A9_mobility_risk,MAI_worse,raw_z,False,35,ok,-0.2633454484730134,0.564466157414538,-1.3696991170055077,0.8430082200594811,-0.11578228973745482,0.37427952323920616,-0.8493566754371212,0.6177920959622114,0.37852874836320277,0.20105325920243422,41,5,strong,0.98,"bilateral mean, best-to-worst"
A9_mobility_risk,MAI_worse,raw_z,True,32,ok,-0.31217970439061904,0.6575616900726308,-1.6010006169329754,0.9766412081517372,-0.11437041307301063,0.39800727949553266,-0.894450346469022,0.6657095203230005,0.3869192649039585,0.19052071441613527,41,5,strong,0.98,"bilateral mean, best-to-worst"
A9_mobility_risk,MAI_worse_rank,rank_normal,False,35,ok,-0.3204544726754837,0.5717593226329807,-1.4411027450361258,0.8001937996851585,-0.13886705985274123,0.37638274569267266,-0.876563685812678,0.5988295661071954,0.3560818573607591,0.19604439856894873,41,5,strong,0.98,"bilateral mean, best-to-worst"
A9_mobility_risk,MAI_worse_rank,rank_normal,True,32,ok,-0.3348543554760449,0.648470797044838,-1.6058571176839274,0.9361484067318376,-0.12484980492246453,0.395964618308371,-0.9009261959590211,0.6512265861140919,0.37626487105151213,0.18991244787626727,41,5,strong,0.98,"bilateral mean, best-to-worst"
A9_mobility_risk,OHIP_worse,raw_z,False,41,ok,0.6856692215079613,0.5879125403799857,-0.46663935763681075,1.8379778006527334,0.28778620130410143,0.38088193925944724,-0.4587286820061878,1.0343010846143905,0.7750490223706272,0.15668692133542467,41,5,strong,0.98,"bilateral mean, best-to-worst"
A9_mobility_risk,OHIP_worse,raw_z,True,35,ok,0.9473711867423771,0.5462833774058827,-0.12334423297315311,2.0180866064579073,0.43185954046235453,0.3688324801407958,-0.2910388369421901,1.154757917866899,0.8791770188632664,0.1094748385936578,41,5,strong,0.98,"bilateral mean, best-to-worst"
A9_mobility_risk,OHIP_worse_rank,rank_normal,False,41,ok,0.744835822657521,0.532314811922087,-0.2985012087097695,1.7881728540248116,0.34912495161593676,0.36444224828884114,-0.3651687294749962,1.0634186327068695,0.8309612027813322,0.13821376945103286,41,5,strong,0.98,"bilateral mean, best-to-worst"
A9_mobility_risk,OHIP_worse_rank,rank_normal,True,35,ok,0.9660917735848854,0.5316763915693699,-0.07599395389107955,2.0081775010608505,0.45341112998406397,0.3642371781720274,-0.2604806210636086,1.1673028810317363,0.8934017481717025,0.10161943676073754,41,5,strong,0.98,"bilateral mean, best-to-worst"
A9_mobility_risk,GOHAI_worse,raw_z,False,41,ok,0.586728561233051,0.5718308148400006,-0.5340598358533503,1.7075169583194523,0.25421934189406387,0.37640313779034307,-0.48351725184287614,0.9919559356310037,0.7502863514098148,0.16767011640456347,41,5,strong,0.98,"bilateral mean, best-to-worst"
A9_mobility_risk,GOHAI_worse,raw_z,True,35,ok,0.9401989782296325,0.516201798071889,-0.07155654599126993,1.951954502450535,0.45511325027977173,0.3591446203232594,-0.24879727079512876,1.159023771354672,0.8974606887281666,0.10029250070919182,41,5,strong,0.98,"bilateral mean, best-to-worst"
A9_mobility_risk,GOHAI_worse_rank,rank_normal,False,41,ok,0.6945970361801481,0.5407002069237721,-0.36517536939044515,1.7543694417507414,0.3201753654689829,0.36709970018663357,-0.3993268256322708,1.0396775565702365,0.8084436791704654,0.1481384143906893,41,5,strong,0.98,"bilateral mean, best-to-worst"
A9_mobility_risk,GOHAI_worse_rank,rank_normal,True,35,ok,0.9869043829475975,0.49670700555245173,0.013358652064792143,1.960450113830403,0.4967127636994924,0.35238337147797943,-0.1939459531481464,1.187371480547131,0.920668220439048,0.0849321035799697,41,5,strong,0.98,"bilateral mean, best-to-worst"
A11_floor_of_mouth_risk,MAI_worse,raw_z,False,35,ok,0.2698207201768884,0.41510250046334746,-0.5437801807312725,1.0834216210850494,0.15972902920827897,0.31938140491574063,-0.46624702175837657,0.7857050801749343,0.6915047089279419,0.21778008261192533,41,3,strong,0.98,best-to-worst
A11_floor_of_mouth_risk,MAI_worse,raw_z,True,32,ok,0.10365195348569017,0.49908275278801506,-0.8745502419788194,1.0818541489501996,0.05192113841483789,0.3532286481328296,-0.6403942902332797,0.7442365670629554,0.5584301096810866,0.22056983013368214,41,3,strong,0.98,best-to-worst
A11_floor_of_mouth_risk,MAI_worse_rank,rank_normal,False,35,ok,-0.03301897707712021,0.39134804433317594,-0.800061143970145,0.7340231898159046,-0.02047544801719118,0.30817547007420076,-0.624488270281326,0.5835373742469435,0.4735134140965886,0.25389168445721555,41,3,strong,0.98,best-to-worst
A11_floor_of_mouth_risk,MAI_worse_rank,rank_normal,True,32,ok,-0.17809327326811153,0.4752679301475476,-1.1096184163573048,0.7534318698210817,-0.09356004714071034,0.34447679206645687,-0.768722153100859,0.5816020588194382,0.39296463183685537,0.22036422124018368,41,3,strong,0.98,best-to-worst
A11_floor_of_mouth_risk,OHIP_worse,raw_z,False,41,ok,0.1330196813686263,0.4030767722234572,-0.6570107921893499,0.9230501549266025,0.08062367940976706,0.31380591654744655,-0.5344246151588101,0.6956719739783441,0.6013805504555689,0.2421714943302513,41,3,strong,0.98,best-to-worst
A11_floor_of_mouth_risk,OHIP_worse,raw_z,True,35,ok,0.34779654169888913,0.48130106133336215,-0.5955535385145008,1.291146621912279,0.1805232159391027,0.34675339394583465,-0.4991009477117626,0.8601473795899678,0.6986806903562714,0.1989256071801122,41,3,strong,0.98,best-to-worst
A11_floor_of_mouth_risk,OHIP_worse_rank,rank_normal,False,41,ok,0.4356891680489231,0.3930182681741172,-0.3346266375723467,1.206004973670193,0.2693007649681722,0.308989093141294,-0.33630672920445653,0.8749082591408006,0.808274207623668,0.17586767152849858,41,3,strong,0.98,best-to-worst
A11_floor_of_mouth_risk,OHIP_worse_rank,rank_normal,True,35,ok,0.6372308034872094,0.4838161726170135,-0.31104889484213705,1.5855105018165558,0.3290950458808991,0.3476903788074947,-0.3523655743528792,1.0105556661146773,0.8280576626635638,0.14640100287629398,41,3,strong,0.98,best-to-worst
A11_floor_of_mouth_risk,GOHAI_worse,raw_z,False,41,ok,-0.2232577575555096,0.4512151858567059,-1.107639521834653,0.6611240067236339,-0.12304902319525861,0.33498049014604325,-0.779598719405078,0.5335006730145607,0.35668572732739534,0.21982026750876327,41,3,strong,0.98,best-to-worst
A11_floor_of_mouth_risk,GOHAI_worse,raw_z,True,35,ok,0.054277724408098894,0.5530617529236791,-1.029723311322312,1.13827876013851,0.02441083857867556,0.3708977164315789,-0.7025353275753692,0.75135700473272,0.5262376634942803,0.2120955790121093,41,3,strong,0.98,best-to-worst
A11_floor_of_mouth_risk,GOHAI_worse_rank,rank_normal,False,41,ok,-0.012234870281724769,0.438531112915306,-0.8717558515957246,0.847286111032275,-0.006915332622519484,0.3296911304462338,-0.6530980743194349,0.6392674090743956,0.4916327252069505,0.2382987327480917,41,3,strong,0.98,best-to-worst
A11_floor_of_mouth_risk,GOHAI_worse_rank,rank_normal,True,35,ok,0.26951929933213375,0.5523473395363219,-0.813081486159057,1.3521200848233246,0.1213859341062004,0.3706820143536625,-0.6051374637437377,0.8479093319561382,0.6283424538188411,0.20182264356433255,41,3,strong,0.98,best-to-worst
A12_spinae_present,MAI_worse,raw_z,False,35,ok,-0.508359514048994,0.3746939540385205,-1.2427596639644942,0.22604063586650613,-0.3255413016863038,0.29984323539600666,-0.9132232440704425,0.2621406406978348,0.1388047626063575,0.14804765900261163,41,2,strong,0.98,palpable/painful vs not palpable
A12_spinae_present,MAI_worse,raw_z,True,32,ok,-0.8041468681333602,0.49230686197349904,-1.7690683176014184,0.1607745813346979,-0.4083074341238928,0.350801826076705,-1.0958663789451188,0.279251510697333,0.12222696173170977,0.11606670135803843,41,2,strong,0.98,palpable/painful vs not palpable
A12_spinae_present,MAI_worse_rank,rank_normal,False,35,ok,-0.5300860693791138,0.35523975042143346,-1.2263559802051234,0.16618384144689569,-0.35226788928964176,0.2895908857768434,-0.9198555956633074,0.21531981708402387,0.11191002328418886,0.1326710878508639,41,2,strong,0.98,palpable/painful vs not palpable
A12_spinae_present,MAI_worse_rank,rank_normal,True,32,ok,-0.7532783107202065,0.5014372249208277,-1.7360952715650286,0.22953865012461572,-0.37555808097654164,0.3540604324525206,-1.0695037769341589,0.3183876149810754,0.14440916239786322,0.12859116592235909,41,2,strong,0.98,palpable/painful vs not palpable
A12_spinae_present,OHIP_worse,raw_z,False,41,ok,0.10681641172672127,0.3018176332110785,-0.48474614936699256,0.6983789728204352,0.07828959769277347,0.2583911575365362,-0.428147765002453,0.5847269603879998,0.619050758658258,0.28838285529243846,41,2,strong,0.98,palpable/painful vs not palpable
A12_spinae_present,OHIP_worse,raw_z,True,35,ok,0.14810154706390113,0.45580082140727296,-0.7452680628943539,1.0414711570221562,0.0808848318492313,0.33684402595893026,-0.5793173274377471,0.7410869911362097,0.5948835072923936,0.22699273696666766,41,2,strong,0.98,palpable/painful vs not palpable
A12_spinae_present,OHIP_worse_rank,rank_normal,False,41,ok,0.37502641237918394,0.2983216237637851,-0.20968397019783486,0.9597367949562028,0.2765715844480259,0.2561872934001542,-0.2255462839130724,0.778689452809124,0.8598326841938425,0.17454631673088486,41,2,strong,0.98,palpable/painful vs not palpable
A12_spinae_present,OHIP_worse_rank,rank_normal,True,35,ok,0.4887680973830875,0.4364452550060938,-0.3666646024288564,1.3442007971950314,0.27740371175528206,0.32880202575866463,-0.36703641677551185,0.9218438402860758,0.8005758926037185,0.16923260573177934,41,2,strong,0.98,palpable/painful vs not palpable
A12_spinae_present,GOHAI_worse,raw_z,False,41,ok,-0.34471839468795606,0.3151314038210394,-0.9623759461771932,0.2729391568012811,-0.24671535608117964,0.26659840431016957,-0.76923862686496,0.2758079147026006,0.1773738754879079,0.19433659399034453,41,2,strong,0.98,palpable/painful vs not palpable
A12_spinae_present,GOHAI_worse,raw_z,True,35,ok,-0.19125753276761168,0.42682893955851753,-1.027842254302306,0.6453271887670826,-0.11063459096436964,0.3246310453359527,-0.7468997480864267,0.5256305661576871,0.36662669174207785,0.2287134631060339,41,2,strong,0.98,palpable/painful vs not palpable
A12_spinae_present,GOHAI_worse_rank,rank_normal,False,41,ok,-0.1706085580726085,0.324148894563338,-0.8059403914167509,0.46472327527153395,-0.12012233787702731,0.2719919349840281,-0.6532167345310825,0.4129720587770278,0.3293751068144977,0.26134052160507515,41,2,strong,0.98,palpable/painful vs not palpable
A12_spinae_present,GOHAI_worse_rank,rank_normal,True,35,ok,0.05632352099080384,0.416072539164265,-0.7591786557711555,0.8718256977527632,0.03327897866999033,0.31982260015211517,-0.59356179907011,0.6601197564100905,0.5414369481645606,0.2441883534771221,41,2,strong,0.98,palpable/painful vs not palpable
A13_TMJ_risk,MAI_worse,raw_z,False,34,ok,-1.852032567301744,0.9643024937982484,-3.742065455146311,0.038000320542822985,-0.39241992126125336,0.4438789023220802,-1.2624065833097033,0.4775667407871964,0.1883292740507566,0.12137930729296731,40,3,strong,0.98,additive clinical factor
A13_TMJ_risk,MAI_worse,raw_z,True,31,ok,-1.8702530205453296,1.041420170431353,-3.9114365545907814,0.17093051350012245,-0.35035117684303896,0.45074154899471547,-1.2337883792084776,0.5330860255223996,0.21849759063965268,0.13043856858903125,40,3,strong,0.98,additive clinical factor
A13_TMJ_risk,MAI_worse_rank,rank_normal,False,34,ok,-1.431960224610877,0.9982421834516891,-3.3885149041761875,0.5245944549544337,-0.2871990842694272,0.4470560393794274,-1.1634128205242251,0.5890146519853706,0.26029928331725327,0.14448872675688718,40,3,strong,0.98,additive clinical factor
A13_TMJ_risk,MAI_worse_rank,rank_normal,True,31,ok,-1.4901913580925126,1.084784907275882,-3.616369776353241,0.635987060168216,-0.26111489298132806,0.45408633784961866,-1.151107761038268,0.6288779750756117,0.28263429299206566,0.14813324360752167,40,3,strong,0.98,additive clinical factor
A13_TMJ_risk,OHIP_worse,raw_z,False,40,ok,-0.284180411636251,0.37993831067778794,-1.0288595005647154,0.46049867729221333,-0.18015605638761192,0.3025104984440309,-0.7730657382831726,0.4127536255079487,0.27574243994700265,0.2183204015929079,40,3,strong,0.98,additive clinical factor
A13_TMJ_risk,OHIP_worse,raw_z,True,34,ok,-0.47330008220583986,0.8271953523835337,-2.0946029728775657,1.1480028084658862,-0.12665212536485454,0.4279036950950455,-0.9653279566027524,0.7120237058730432,0.3836216159405522,0.1770009724806746,40,3,strong,0.98,additive clinical factor
A13_TMJ_risk,OHIP_worse_rank,rank_normal,False,40,ok,0.05690264453203496,0.41260133371159674,-0.7517959695426947,0.8656012586067646,0.03385128938829142,0.3182379806055357,-0.589883691111315,0.6575862698878976,0.5423559958713556,0.24530742534313799,40,3,strong,0.98,additive clinical factor
A13_TMJ_risk,OHIP_worse_rank,rank_normal,True,34,ok,0.25684481068778253,0.8570025688818279,-1.4228802243206002,1.9365698456961653,0.06522523308030706,0.43187150067275015,-0.7812273541875492,0.911677820348163,0.5600236826793265,0.1810728479642873,40,3,strong,0.98,additive clinical factor
A13_TMJ_risk,GOHAI_worse,raw_z,False,40,ok,-0.8555507579348803,0.43145465885322315,-1.7012018892871978,-0.009899626582562937,-0.4903958687399932,0.3266522651488898,-1.1306225439002455,0.14983080642025903,0.06664183265093664,0.08066688273501554,40,3,strong,0.98,additive clinical factor
A13_TMJ_risk,GOHAI_worse,raw_z,True,34,ok,-1.1575196168512514,0.8344786008002311,-2.7930976744197045,0.4780584407172015,-0.3057838193311349,0.4289022007580782,-1.1464166857069362,0.5348490470446663,0.23793979499546397,0.14363855145125404,40,3,strong,0.98,additive clinical factor
A13_TMJ_risk,GOHAI_worse_rank,rank_normal,False,40,ok,-0.5623511328192459,0.45574651620178913,-1.4556143045747527,0.33091203893626087,-0.3071581431368373,0.3368221060914057,-0.9673173402729218,0.3530010539992471,0.18090281524617063,0.1558995379466258,40,3,strong,0.98,additive clinical factor
A13_TMJ_risk,GOHAI_worse_rank,rank_normal,True,34,ok,-0.6383709196789886,0.8799889819247785,-2.3631493242515544,1.0864074848935772,-0.15579436844591793,0.4347269503309772,-1.0078435342035663,0.6962547973117303,0.36003212560088815,0.17080745663722618,40,3,strong,0.98,additive clinical factor
A6_A9_tuberculum_composite,MAI_worse,raw_z,False,35,ok,0.03411365067946161,0.7899258106067728,-1.514140938109813,1.5823682394687364,0.00975810142249334,0.42247874984308503,-0.8182850325034605,0.837801235348447,0.5092136542450573,0.1870601644029506,41,14,construct_summary,,simple formative pilot summary; not a validated latent score
A6_A9_tuberculum_composite,MAI_worse,raw_z,True,32,ok,0.06940950956265537,0.8689876992768929,-1.6338063810200545,1.7726254001453654,0.017263648770369334,0.433381568370902,-0.8321486168000819,0.8666759143408204,0.5158875662947344,0.1823437805613642,41,14,construct_summary,,simple formative pilot summary; not a validated latent score
A6_A9_tuberculum_composite,MAI_worse_rank,rank_normal,False,35,ok,-0.2223992970733265,0.8204423532988011,-1.8304663095389766,1.3856677153923238,-0.06022996323628689,0.4269604677305721,-0.8970571028105844,0.7765971763380104,0.4439085704423034,0.183380652679265,41,14,construct_summary,,simple formative pilot summary; not a validated latent score
A6_A9_tuberculum_composite,MAI_worse_rank,rank_normal,True,32,ok,-0.12511755135781588,0.8869846704784512,-1.86360750549558,1.6133724027799485,-0.030170856107637683,0.43556283183019245,-0.8838583194990913,0.8235166072838158,0.47238788355406786,0.18116053008431882,41,14,construct_summary,,simple formative pilot summary; not a validated latent score
A6_A9_tuberculum_composite,OHIP_worse,raw_z,False,41,ok,0.47457126452716897,0.799043943248135,-1.0915548642391757,2.0406973932935135,0.1335359131823446,0.42385663432780996,-0.6972078247085266,0.9642796510732157,0.6236380475571309,0.1776440448753851,41,14,construct_summary,,simple formative pilot summary; not a validated latent score
A6_A9_tuberculum_composite,OHIP_worse,raw_z,True,35,ok,0.9586052201359223,0.6167199196328321,-0.25016582234442875,2.1673762626162736,0.38019162649960364,0.3883911765110057,-0.3810410913751067,1.1414243443743137,0.8361824436301881,0.1271645490269474,41,14,construct_summary,,simple formative pilot summary; not a validated latent score
A6_A9_tuberculum_composite,OHIP_worse_rank,rank_normal,False,41,ok,0.6620034894243817,0.7504459447431774,-0.808870562272246,2.1328775411210095,0.20352577231900768,0.4161012126988189,-0.6120176184941181,1.0190691631321334,0.6876236252581149,0.16889526482756023,41,14,construct_summary,,simple formative pilot summary; not a validated latent score
A6_A9_tuberculum_composite,OHIP_worse_rank,rank_normal,True,35,ok,1.0450973956177882,0.6383496014966037,-0.20606782331555507,2.2962626145511313,0.39738135024378207,0.3936261563004354,-0.3741117394780056,1.1688744399655695,0.843642136126758,0.12178801954074514,41,14,construct_summary,,simple formative pilot summary; not a validated latent score
A6_A9_tuberculum_composite,GOHAI_worse,raw_z,False,41,ok,0.3869135402929372,0.7778648336479612,-1.1377015336570668,1.911528614242941,0.11312286313816873,0.42060300199506984,-0.7112438725615968,0.9374895988379341,0.6060174623605876,0.1813750790996843,41,14,construct_summary,,simple formative pilot summary; not a validated latent score
A6_A9_tuberculum_composite,GOHAI_worse,raw_z,True,35,ok,0.9923061430400089,0.5448399920832393,-0.07558024144314013,2.060192527523158,0.4536458916935459,0.36838728253308317,-0.2683799144338786,1.1756716978209703,0.8909203491530402,0.10209804642805907,41,14,construct_summary,,simple formative pilot summary; not a validated latent score
A6_A9_tuberculum_composite,GOHAI_worse_rank,rank_normal,False,41,ok,0.6778591801065109,0.7709231172740858,-0.8331501297506972,2.188868489963719,0.20071098959308195,0.419495111216503,-0.6214843200818886,1.0229062992680522,0.6838380372573684,0.16839908006671273,41,14,construct_summary,,simple formative pilot summary; not a validated latent score
A6_A9_tuberculum_composite,GOHAI_worse_rank,rank_normal,True,35,ok,1.1952359058938091,0.5811840000686629,0.05611526575922987,2.3343565460283884,0.5083731986373176,0.3790339901267801,-0.23451977092768195,1.251266168202317,0.9100777220952934,0.08640959851824831,41,14,construct_summary,,simple formative pilot summary; not a validated latent score
A3_A9_asymmetry_proportion,MAI_worse,raw_z,False,35,ok,-1.6843508285356725,0.9084172750673296,-3.4648486876676383,0.09614703059629348,-0.391628638943917,0.4380324944437258,-1.2501565521118612,0.4668992742240269,0.1856440965769381,0.12192381191682533,41,6,exploratory,,proportion of bilateral items with unequal sides
A3_A9_asymmetry_proportion,MAI_worse,raw_z,True,32,ok,-2.077965195274449,1.159087467199984,-4.349776630986417,0.19384624043751986,-0.32600978620610555,0.459105392548797,-1.2258398207098717,0.5738202482976603,0.2388217067616471,0.1345332502038048,41,6,exploratory,,proportion of bilateral items with unequal sides
A3_A9_asymmetry_proportion,MAI_worse_rank,rank_normal,False,35,ok,-1.4690765758845707,0.8505383474039993,-3.1361317367964094,0.19797858502726773,-0.3772994691007377,0.4310372259409356,-1.2221169079410255,0.4675179697395499,0.19069740591039552,0.12592864673140247,41,6,exploratory,,proportion of bilateral items with unequal sides
A3_A9_asymmetry_proportion,MAI_worse_rank,rank_normal,True,32,ok,-1.9985660129171192,1.0810964938565264,-4.117515140875911,0.12038311504167254,-0.3521653501782926,0.45381466045748525,-1.2416257403312374,0.5372950399746519,0.21887112729877306,0.12968638305977798,41,6,exploratory,,proportion of bilateral items with unequal sides
A3_A9_asymmetry_proportion,OHIP_worse,raw_z,False,41,ok,-1.8805126100135696,0.6703756282392973,-3.1944488413625924,-0.566576378664547,-0.672184460004446,0.4007968743149524,-1.4577318987779795,0.11336297876908741,0.04675950779871959,0.04968773594613973,41,6,exploratory,,proportion of bilateral items with unequal sides
A3_A9_asymmetry_proportion,OHIP_worse,raw_z,True,35,ok,-2.1022214213874,0.6969614189040371,-3.468265802439313,-0.7361770403354875,-0.7143073422521443,0.40626748573056926,-1.5105769823737005,0.08196229786941178,0.03935509963102897,0.04274163833517619,41,6,exploratory,,proportion of bilateral items with unequal sides
A3_A9_asymmetry_proportion,OHIP_worse_rank,rank_normal,False,41,ok,-1.6119970870643503,0.6913003606227324,-2.9669457938849058,-0.25704838024379484,-0.5536493775888446,0.40513714668255457,-1.3477035938859727,0.24040483870828344,0.08587963443934332,0.07808318324044328,41,6,exploratory,,proportion of bilateral items with unequal sides
A3_A9_asymmetry_proportion,OHIP_worse_rank,rank_normal,True,35,ok,-1.9006547845188697,0.7338761602215981,-3.339052058553202,-0.46225751048453745,-0.602560526272966,0.4132106412409797,-1.4124385011339875,0.20731744858805545,0.07238712066668901,0.06740588545177317,41,6,exploratory,,proportion of bilateral items with unequal sides
A3_A9_asymmetry_proportion,GOHAI_worse,raw_z,False,41,ok,-0.7085582646374262,0.8545225838795679,-2.383422529041379,0.9663059997665269,-0.18071614719365653,0.43155309986771906,-1.0265446803510032,0.66511238596369,0.3376966417195576,0.16812454633018104,41,6,exploratory,,proportion of bilateral items with unequal sides
A3_A9_asymmetry_proportion,GOHAI_worse,raw_z,True,35,ok,-0.555148083222529,1.0625899249580872,-2.6378243361403797,1.527528169695322,-0.10063613054166569,0.45241629243557857,-0.9873557697345408,0.7860835086512092,0.4119851285408819,0.17072861055288657,41,6,exploratory,,proportion of bilateral items with unequal sides
A3_A9_asymmetry_proportion,GOHAI_worse_rank,rank_normal,False,41,ok,-0.3851841390805696,0.8387765845588672,-2.029186244815949,1.25881796665481,-0.10098728192759868,0.4294824698319948,-0.9427574547896189,0.7407828909344214,0.40705114449299584,0.17918187561600052,41,6,exploratory,,proportion of bilateral items with unequal sides
A3_A9_asymmetry_proportion,GOHAI_worse_rank,rank_normal,True,35,ok,-0.2773198866910293,1.1436077279530186,-2.5187910334789456,1.964151260096887,-0.044503949315295166,0.4581269605743639,-0.9424162923878499,0.8534083937572594,0.461306310903386,0.17198856067640966,41,6,exploratory,,proportion of bilateral items with unequal sides
