data_status,simulation_scenario,predictor,exposure_definition,outcome,outcome_definition,n,events_total,event_rate,exposed_total,exposure_prevalence,events_exposed,non_events_exposed,events_unexposed,non_events_unexposed,crude_or,crude_ci_low,crude_ci_high,adjusted_or,adjusted_ci_low,adjusted_ci_high,p_value,adjustment_set,q_value_global_132_tests,q_value_within_outcome_22_tests,fdr_significant_global_0_05
SYNTHETIC_SIMULATION_RESULT_NOT_EMPIRICAL_EVIDENCE,NULL_ANATOMY_EFFECT_PIPELINE_TEST,F5,F5 >= 2 vs F5 = 1,ohip_meaningful_improvement,Anchor-alapu szamottevo OHIP-5 javulas,1000,496,0.496,374,0.374,175,199,321,305,0.8355641134019005,0.6464875254944167,1.0799394575651926,0.8547158226652374,0.6495840613449007,1.124626019920814,0.2622200451187524,age_per_10y + gender + denture_type + baseline_outcome,0.966867414495252,0.7689845116414094,0
SYNTHETIC_SIMULATION_RESULT_NOT_EMPIRICAL_EVIDENCE,NULL_ANATOMY_EFFECT_PIPELINE_TEST,F7,F7 >= 2 vs F7 = 1,ohip_meaningful_improvement,Anchor-alapu szamottevo OHIP-5 javulas,1000,496,0.496,345,0.345,169,176,327,328,0.9631637475674173,0.7420519221221754,1.2501610426060894,1.008355643777159,0.7625244808366033,1.3334406040599354,0.9534604248691074,age_per_10y + gender + denture_type + baseline_outcome,0.9832183897815071,0.9971355368331474,0
SYNTHETIC_SIMULATION_RESULT_NOT_EMPIRICAL_EVIDENCE,NULL_ANATOMY_EFFECT_PIPELINE_TEST,F8,F8 >= 2 vs F8 = 1,ohip_meaningful_improvement,Anchor-alapu szamottevo OHIP-5 javulas,1000,496,0.496,482,0.482,236,246,260,258,0.9519699812382739,0.7427960894244939,1.2200479486650833,0.9258315455469012,0.7096378742536849,1.2078893782708962,0.5700651975448312,age_per_10y + gender + denture_type + baseline_outcome,0.966867414495252,0.9937248426756757,0
SYNTHETIC_SIMULATION_RESULT_NOT_EMPIRICAL_EVIDENCE,NULL_ANATOMY_EFFECT_PIPELINE_TEST,A1_Kaan,A1_Kaan >= 2 vs A1_Kaan = 1,ohip_meaningful_improvement,Anchor-alapu szamottevo OHIP-5 javulas,1000,496,0.496,437,0.437,223,214,273,290,1.1069460134880695,0.8620955962558045,1.4213382855670507,1.1312637784955595,0.8650333183737292,1.4794317274876843,0.3676393941222902,age_per_10y + gender + denture_type + baseline_outcome,0.966867414495252,0.8088066670690385,0
SYNTHETIC_SIMULATION_RESULT_NOT_EMPIRICAL_EVIDENCE,NULL_ANATOMY_EFFECT_PIPELINE_TEST,A3_jobb,"A3_jobb in {2,3} vs 1",ohip_meaningful_improvement,Anchor-alapu szamottevo OHIP-5 javulas,1000,496,0.496,398,0.398,188,210,308,294,0.8545454545454545,0.6631895062371684,1.1011150312489228,0.8541301734411304,0.6511208657704409,1.1204346098160238,0.2548269059519038,age_per_10y + gender + denture_type + baseline_outcome,0.966867414495252,0.7689845116414094,0
SYNTHETIC_SIMULATION_RESULT_NOT_EMPIRICAL_EVIDENCE,NULL_ANATOMY_EFFECT_PIPELINE_TEST,A3_bal,"A3_bal in {2,3} vs 1",ohip_meaningful_improvement,Anchor-alapu szamottevo OHIP-5 javulas,1000,496,0.496,376,0.376,186,190,310,314,0.991578947368421,0.7676778155207191,1.2807831475465232,0.9370666364591629,0.712160721773416,1.2329995944992131,0.642506190420002,age_per_10y + gender + denture_type + baseline_outcome,0.966867414495252,0.9937248426756757,0
SYNTHETIC_SIMULATION_RESULT_NOT_EMPIRICAL_EVIDENCE,NULL_ANATOMY_EFFECT_PIPELINE_TEST,A4_jobb,"A4_jobb in {2,3} vs 1",ohip_meaningful_improvement,Anchor-alapu szamottevo OHIP-5 javulas,1000,496,0.496,270,0.27,147,123,349,381,1.304703333566287,0.9859745541566726,1.7264652332482937,1.2996658654987565,0.9628317629618053,1.7543369744540078,0.08680551956455429,age_per_10y + gender + denture_type + baseline_outcome,0.966867414495252,0.7689845116414094,0
SYNTHETIC_SIMULATION_RESULT_NOT_EMPIRICAL_EVIDENCE,NULL_ANATOMY_EFFECT_PIPELINE_TEST,A4_bal,"A4_bal in {2,3} vs 1",ohip_meaningful_improvement,Anchor-alapu szamottevo OHIP-5 javulas,1000,496,0.496,275,0.275,130,145,366,359,0.8794045600150744,0.6660211057806034,1.1611529626661106,0.8556242823269857,0.6344734634244044,1.1538589944428717,0.30679579834294646,age_per_10y + gender + denture_type + baseline_outcome,0.966867414495252,0.7689845116414094,0
SYNTHETIC_SIMULATION_RESULT_NOT_EMPIRICAL_EVIDENCE,NULL_ANATOMY_EFFECT_PIPELINE_TEST,A5_jobb,"A5_jobb in {1,3} vs 2",ohip_meaningful_improvement,Anchor-alapu szamottevo OHIP-5 javulas,1000,496,0.496,442,0.442,220,222,276,282,1.0125342734038387,0.788865808064786,1.2996198394407308,1.0502075943577303,0.8034083797085525,1.3728211194993463,0.7200265517234206,age_per_10y + gender + denture_type + baseline_outcome,0.966867414495252,0.9937248426756757,0
SYNTHETIC_SIMULATION_RESULT_NOT_EMPIRICAL_EVIDENCE,NULL_ANATOMY_EFFECT_PIPELINE_TEST,A5_bal,"A5_bal in {1,3} vs 2",ohip_meaningful_improvement,Anchor-alapu szamottevo OHIP-5 javulas,1000,496,0.496,448,0.448,219,229,277,275,0.9494269544243532,0.7399253189925716,1.218246650911742,0.9866347884989042,0.7551434044795291,1.2890905225441405,0.9214348366796603,age_per_10y + gender + denture_type + baseline_outcome,0.9750797117954364,0.9971355368331474,0
SYNTHETIC_SIMULATION_RESULT_NOT_EMPIRICAL_EVIDENCE,NULL_ANATOMY_EFFECT_PIPELINE_TEST,A6_jobb,"A6_jobb in {2,3} vs 1",ohip_meaningful_improvement,Anchor-alapu szamottevo OHIP-5 javulas,1000,496,0.496,415,0.415,207,208,289,296,1.019297311684855,0.7925663600864838,1.3108896137032633,1.0358616130146352,0.7900080521860408,1.3582257526972605,0.7988218763091751,age_per_10y + gender + denture_type + baseline_outcome,0.966867414495252,0.9937248426756757,0
SYNTHETIC_SIMULATION_RESULT_NOT_EMPIRICAL_EVIDENCE,NULL_ANATOMY_EFFECT_PIPELINE_TEST,A6_bal,"A6_bal in {2,3} vs 1",ohip_meaningful_improvement,Anchor-alapu szamottevo OHIP-5 javulas,1000,496,0.496,407,0.407,202,205,294,299,1.0021237763398043,0.7786357662619388,1.2897584552617538,1.0379654026460507,0.7920592559736699,1.3602166365264883,0.7870747388830922,age_per_10y + gender + denture_type + baseline_outcome,0.966867414495252,0.9937248426756757,0
SYNTHETIC_SIMULATION_RESULT_NOT_EMPIRICAL_EVIDENCE,NULL_ANATOMY_EFFECT_PIPELINE_TEST,A7_jobb,"A7_jobb in {2,3} vs 1",ohip_meaningful_improvement,Anchor-alapu szamottevo OHIP-5 javulas,1000,496,0.496,440,0.44,210,230,286,274,0.8747339616904835,0.6813136153153851,1.1230650416116081,0.8704414364620782,0.6661211948962648,1.1374330979337146,0.30937119555594006,age_per_10y + gender + denture_type + baseline_outcome,0.966867414495252,0.7689845116414094,0
SYNTHETIC_SIMULATION_RESULT_NOT_EMPIRICAL_EVIDENCE,NULL_ANATOMY_EFFECT_PIPELINE_TEST,A7_bal,"A7_bal in {2,3} vs 1",ohip_meaningful_improvement,Anchor-alapu szamottevo OHIP-5 javulas,1000,496,0.496,406,0.406,197,209,299,295,0.9299739162439391,0.722462234627189,1.1970888489975908,1.0224862317159715,0.7798598292044928,1.3405974444345752,0.8721730520078351,age_per_10y + gender + denture_type + baseline_outcome,0.9678238787453687,0.9971355368331474,0
SYNTHETIC_SIMULATION_RESULT_NOT_EMPIRICAL_EVIDENCE,NULL_ANATOMY_EFFECT_PIPELINE_TEST,A8_jobb,"A8_jobb in {2,3} vs 1",ohip_meaningful_improvement,Anchor-alapu szamottevo OHIP-5 javulas,1000,496,0.496,331,0.331,165,166,331,338,1.0149965420594766,0.7799335158880029,1.3209048712565297,1.0752628767227301,0.8110398861502126,1.4255652204063156,0.6140234304871666,age_per_10y + gender + denture_type + baseline_outcome,0.966867414495252,0.9937248426756757,0
SYNTHETIC_SIMULATION_RESULT_NOT_EMPIRICAL_EVIDENCE,NULL_ANATOMY_EFFECT_PIPELINE_TEST,A8_bal,"A8_bal in {2,3} vs 1",ohip_meaningful_improvement,Anchor-alapu szamottevo OHIP-5 javulas,1000,496,0.496,366,0.366,171,195,325,309,0.8337514792899409,0.644333953594535,1.078852860911939,0.8538829987009836,0.6482776687065088,1.124697349093283,0.26106834699263237,age_per_10y + gender + denture_type + baseline_outcome,0.966867414495252,0.7689845116414094,0
SYNTHETIC_SIMULATION_RESULT_NOT_EMPIRICAL_EVIDENCE,NULL_ANATOMY_EFFECT_PIPELINE_TEST,A9_jobb,"A9_jobb in {2,3} vs 1",ohip_meaningful_improvement,Anchor-alapu szamottevo OHIP-5 javulas,1000,496,0.496,378,0.378,193,185,303,319,1.0983319953616983,0.8505054431809477,1.4183720771068111,1.151070763279944,0.8750179016173821,1.5142134802371596,0.31458457294421294,age_per_10y + gender + denture_type + baseline_outcome,0.966867414495252,0.7689845116414094,0
SYNTHETIC_SIMULATION_RESULT_NOT_EMPIRICAL_EVIDENCE,NULL_ANATOMY_EFFECT_PIPELINE_TEST,A9_bal,"A9_bal in {2,3} vs 1",ohip_meaningful_improvement,Anchor-alapu szamottevo OHIP-5 javulas,1000,496,0.496,388,0.388,201,187,295,317,1.1550258315961208,0.8954496133172236,1.4898489561150718,1.1594402273970648,0.8824488581910916,1.5233762596307339,0.2881781964809792,age_per_10y + gender + denture_type + baseline_outcome,0.966867414495252,0.7689845116414094,0
SYNTHETIC_SIMULATION_RESULT_NOT_EMPIRICAL_EVIDENCE,NULL_ANATOMY_EFFECT_PIPELINE_TEST,A11,"A11 in {1,3} vs 2",ohip_meaningful_improvement,Anchor-alapu szamottevo OHIP-5 javulas,1000,496,0.496,296,0.296,147,149,349,355,1.003538393492433,0.7648866063047399,1.3166517741482542,1.0358672914422036,0.7735192982123423,1.3871936329961445,0.8130475985528256,age_per_10y + gender + denture_type + baseline_outcome,0.966867414495252,0.9937248426756757,0
SYNTHETIC_SIMULATION_RESULT_NOT_EMPIRICAL_EVIDENCE,NULL_ANATOMY_EFFECT_PIPELINE_TEST,A12,"A12 in {2,3} vs 1",ohip_meaningful_improvement,Anchor-alapu szamottevo OHIP-5 javulas,1000,496,0.496,451,0.451,225,226,271,278,1.021291186363191,0.7960736980176023,1.3102250331100265,1.0004889307665628,0.7661538798154021,1.306497463443762,0.9971355368331475,age_per_10y + gender + denture_type + baseline_outcome,0.9971355368331474,0.9971355368331474,0
SYNTHETIC_SIMULATION_RESULT_NOT_EMPIRICAL_EVIDENCE,NULL_ANATOMY_EFFECT_PIPELINE_TEST,A13,"A13 in {2,3} vs 1",ohip_meaningful_improvement,Anchor-alapu szamottevo OHIP-5 javulas,1000,496,0.496,295,0.295,150,145,346,359,1.0733506079330277,0.8178507350958876,1.4086696729753825,0.9381809591919299,0.7007679431863065,1.2560270782196494,0.6681666228090759,age_per_10y + gender + denture_type + baseline_outcome,0.966867414495252,0.9937248426756757,0
SYNTHETIC_SIMULATION_RESULT_NOT_EMPIRICAL_EVIDENCE,NULL_ANATOMY_EFFECT_PIPELINE_TEST,A14,A14 >= 2 vs A14 = 1 (protetikai szituacio),ohip_meaningful_improvement,Anchor-alapu szamottevo OHIP-5 javulas,1000,496,0.496,700,0.7,337,363,159,141,0.8232756380269245,0.6279041531389268,1.07943668278091,0.7171399415481509,0.5349382023742448,0.9614002018945098,0.026203846195375847,age_per_10y + gender + denture_type + baseline_outcome,0.8648224321204118,0.5764846162982686,0
SYNTHETIC_SIMULATION_RESULT_NOT_EMPIRICAL_EVIDENCE,NULL_ANATOMY_EFFECT_PIPELINE_TEST,F5,F5 >= 2 vs F5 = 1,ohip_meaningful_deterioration,Anchor-alapu szamottevo OHIP-5 romlas,1000,226,0.226,374,0.374,89,285,137,489,1.114636957356896,0.8222789882098747,1.5109416202043708,1.0998322253315491,0.8011360314195475,1.5098945452926147,0.5561535270706324,age_per_10y + gender + denture_type + baseline_outcome,0.966867414495252,0.822146281736338,0
SYNTHETIC_SIMULATION_RESULT_NOT_EMPIRICAL_EVIDENCE,NULL_ANATOMY_EFFECT_PIPELINE_TEST,F7,F7 >= 2 vs F7 = 1,ohip_meaningful_deterioration,Anchor-alapu szamottevo OHIP-5 romlas,1000,226,0.226,345,0.345,69,276,157,498,0.7929936305732485,0.5763931819998662,1.090989480388905,0.743796804793396,0.5332407861546613,1.0374931947917525,0.081300404977198,age_per_10y + gender + denture_type + baseline_outcome,0.966867414495252,0.822146281736338,0
SYNTHETIC_SIMULATION_RESULT_NOT_EMPIRICAL_EVIDENCE,NULL_ANATOMY_EFFECT_PIPELINE_TEST,F8,F8 >= 2 vs F8 = 1,ohip_meaningful_deterioration,Anchor-alapu szamottevo OHIP-5 romlas,1000,226,0.226,482,0.482,101,381,125,393,0.8334488188976378,0.6188546013967046,1.122455795196688,0.8335252388384429,0.6112047531077363,1.1367128940802234,0.24997713287627077,age_per_10y + gender + denture_type + baseline_outcome,0.966867414495252,0.822146281736338,0
SYNTHETIC_SIMULATION_RESULT_NOT_EMPIRICAL_EVIDENCE,NULL_ANATOMY_EFFECT_PIPELINE_TEST,A1_Kaan,A1_Kaan >= 2 vs A1_Kaan = 1,ohip_meaningful_deterioration,Anchor-alapu szamottevo OHIP-5 romlas,1000,226,0.226,437,0.437,99,338,127,436,1.005544425290034,0.7458848528624001,1.355597432166108,0.9896630457154387,0.7247911637511291,1.35133124276204,0.9478692147091422,age_per_10y + gender + denture_type + baseline_outcome,0.9832183897815071,0.9478692147091422,0
SYNTHETIC_SIMULATION_RESULT_NOT_EMPIRICAL_EVIDENCE,NULL_ANATOMY_EFFECT_PIPELINE_TEST,A3_jobb,"A3_jobb in {2,3} vs 1",ohip_meaningful_deterioration,Anchor-alapu szamottevo OHIP-5 romlas,1000,226,0.226,398,0.398,99,299,127,475,1.238379901508967,0.9174318286141955,1.671606251963024,1.2550387399466763,0.9177412905065386,1.7163031183848851,0.15489344073088115,age_per_10y + gender + denture_type + baseline_outcome,0.966867414495252,0.822146281736338,0
SYNTHETIC_SIMULATION_RESULT_NOT_EMPIRICAL_EVIDENCE,NULL_ANATOMY_EFFECT_PIPELINE_TEST,A3_bal,"A3_bal in {2,3} vs 1",ohip_meaningful_deterioration,Anchor-alapu szamottevo OHIP-5 romlas,1000,226,0.226,376,0.376,88,288,138,486,1.076086956521739,0.7935854951183505,1.4591536074175946,1.1459043702006175,0.8337851569051058,1.5748623188722932,0.4011945097420728,age_per_10y + gender + denture_type + baseline_outcome,0.966867414495252,0.822146281736338,0
SYNTHETIC_SIMULATION_RESULT_NOT_EMPIRICAL_EVIDENCE,NULL_ANATOMY_EFFECT_PIPELINE_TEST,A4_jobb,"A4_jobb in {2,3} vs 1",ohip_meaningful_deterioration,Anchor-alapu szamottevo OHIP-5 romlas,1000,226,0.226,270,0.27,54,216,172,558,0.811046511627907,0.5751337104347699,1.1437278533482904,0.8275080484809783,0.5790881028143121,1.1824963541348599,0.2985353757844452,age_per_10y + gender + denture_type + baseline_outcome,0.966867414495252,0.822146281736338,0
SYNTHETIC_SIMULATION_RESULT_NOT_EMPIRICAL_EVIDENCE,NULL_ANATOMY_EFFECT_PIPELINE_TEST,A4_bal,"A4_bal in {2,3} vs 1",ohip_meaningful_deterioration,Anchor-alapu szamottevo OHIP-5 romlas,1000,226,0.226,275,0.275,65,210,161,564,1.0842945874001775,0.7805113747659967,1.5063134123033164,1.1001099180147431,0.7805918232630593,1.5504157174684539,0.5857459495116464,age_per_10y + gender + denture_type + baseline_outcome,0.966867414495252,0.822146281736338,0
SYNTHETIC_SIMULATION_RESULT_NOT_EMPIRICAL_EVIDENCE,NULL_ANATOMY_EFFECT_PIPELINE_TEST,A5_jobb,"A5_jobb in {1,3} vs 2",ohip_meaningful_deterioration,Anchor-alapu szamottevo OHIP-5 romlas,1000,226,0.226,442,0.442,97,345,129,429,0.9350185372430064,0.6932873833026982,1.2610350138253394,0.9273301050841734,0.6784847852076596,1.2674434895872089,0.6360233989965218,age_per_10y + gender + denture_type + baseline_outcome,0.966867414495252,0.822146281736338,0
SYNTHETIC_SIMULATION_RESULT_NOT_EMPIRICAL_EVIDENCE,NULL_ANATOMY_EFFECT_PIPELINE_TEST,A5_bal,"A5_bal in {1,3} vs 2",ohip_meaningful_deterioration,Anchor-alapu szamottevo OHIP-5 romlas,1000,226,0.226,448,0.448,102,346,124,428,1.017527503263099,0.7554160024515432,1.3705855006205674,0.9670341041173478,0.7087094524600667,1.319518111801584,0.8325742629392304,age_per_10y + gender + denture_type + baseline_outcome,0.9678238787453687,0.9124957923579272,0
SYNTHETIC_SIMULATION_RESULT_NOT_EMPIRICAL_EVIDENCE,NULL_ANATOMY_EFFECT_PIPELINE_TEST,A6_jobb,"A6_jobb in {2,3} vs 1",ohip_meaningful_deterioration,Anchor-alapu szamottevo OHIP-5 romlas,1000,226,0.226,415,0.415,90,325,136,449,0.9142533936651583,0.6758263116293406,1.236795983590957,0.9005384112746734,0.656018679062624,1.2361986877262332,0.5168993224315566,age_per_10y + gender + denture_type + baseline_outcome,0.966867414495252,0.822146281736338,0
SYNTHETIC_SIMULATION_RESULT_NOT_EMPIRICAL_EVIDENCE,NULL_ANATOMY_EFFECT_PIPELINE_TEST,A6_bal,"A6_bal in {2,3} vs 1",ohip_meaningful_deterioration,Anchor-alapu szamottevo OHIP-5 romlas,1000,226,0.226,407,0.407,91,316,135,458,0.976980778246601,0.7223042306436775,1.3214534825758173,0.9419963704488334,0.6874663713710257,1.2907644633861939,0.7100354251359282,age_per_10y + gender + denture_type + baseline_outcome,0.966867414495252,0.822146281736338,0
SYNTHETIC_SIMULATION_RESULT_NOT_EMPIRICAL_EVIDENCE,NULL_ANATOMY_EFFECT_PIPELINE_TEST,A7_jobb,"A7_jobb in {2,3} vs 1",ohip_meaningful_deterioration,Anchor-alapu szamottevo OHIP-5 romlas,1000,226,0.226,440,0.44,103,337,123,437,1.0858845383706062,0.8061673756147322,1.4626556052001025,1.0782522888856532,0.7907422169918263,1.470299641911199,0.6339659290346966,age_per_10y + gender + denture_type + baseline_outcome,0.966867414495252,0.822146281736338,0
SYNTHETIC_SIMULATION_RESULT_NOT_EMPIRICAL_EVIDENCE,NULL_ANATOMY_EFFECT_PIPELINE_TEST,A7_bal,"A7_bal in {2,3} vs 1",ohip_meaningful_deterioration,Anchor-alapu szamottevo OHIP-5 romlas,1000,226,0.226,406,0.406,91,315,135,459,0.9822222222222222,0.726154923646599,1.328587691704043,0.8917901255042723,0.6504156480597015,1.2227406125904372,0.4769692624564591,age_per_10y + gender + denture_type + baseline_outcome,0.966867414495252,0.822146281736338,0
SYNTHETIC_SIMULATION_RESULT_NOT_EMPIRICAL_EVIDENCE,NULL_ANATOMY_EFFECT_PIPELINE_TEST,A8_jobb,"A8_jobb in {2,3} vs 1",ohip_meaningful_deterioration,Anchor-alapu szamottevo OHIP-5 romlas,1000,226,0.226,331,0.331,70,261,156,513,0.8819628647214854,0.641125567227021,1.2132701213462782,0.840754555026117,0.6034861584801776,1.1713080935896596,0.30522023252170827,age_per_10y + gender + denture_type + baseline_outcome,0.966867414495252,0.822146281736338,0
SYNTHETIC_SIMULATION_RESULT_NOT_EMPIRICAL_EVIDENCE,NULL_ANATOMY_EFFECT_PIPELINE_TEST,A8_bal,"A8_bal in {2,3} vs 1",ohip_meaningful_deterioration,Anchor-alapu szamottevo OHIP-5 romlas,1000,226,0.226,366,0.366,88,278,138,496,1.1377332916275675,0.838607060057288,1.543556099789182,1.1128821654847454,0.8099237174212018,1.5291646455266468,0.5094613279203384,age_per_10y + gender + denture_type + baseline_outcome,0.966867414495252,0.822146281736338,0
SYNTHETIC_SIMULATION_RESULT_NOT_EMPIRICAL_EVIDENCE,NULL_ANATOMY_EFFECT_PIPELINE_TEST,A9_jobb,"A9_jobb in {2,3} vs 1",ohip_meaningful_deterioration,Anchor-alapu szamottevo OHIP-5 romlas,1000,226,0.226,378,0.378,89,289,137,485,1.090217967822595,0.8044258942700644,1.4775447009220672,1.073918500863732,0.7817214369427711,1.4753349364549115,0.6598416033293848,age_per_10y + gender + denture_type + baseline_outcome,0.966867414495252,0.822146281736338,0
SYNTHETIC_SIMULATION_RESULT_NOT_EMPIRICAL_EVIDENCE,NULL_ANATOMY_EFFECT_PIPELINE_TEST,A9_bal,"A9_bal in {2,3} vs 1",ohip_meaningful_deterioration,Anchor-alapu szamottevo OHIP-5 romlas,1000,226,0.226,388,0.388,76,312,150,462,0.7502564102564102,0.54966584165082,1.0240488647435586,0.7310390082195419,0.5282756619868683,1.0116272052523514,0.05872903725138669,age_per_10y + gender + denture_type + baseline_outcome,0.966867414495252,0.822146281736338,0
SYNTHETIC_SIMULATION_RESULT_NOT_EMPIRICAL_EVIDENCE,NULL_ANATOMY_EFFECT_PIPELINE_TEST,A11,"A11 in {1,3} vs 2",ohip_meaningful_deterioration,Anchor-alapu szamottevo OHIP-5 romlas,1000,226,0.226,296,0.296,73,223,153,551,1.1789032503883468,0.8566862510928018,1.6223125700959282,1.1565231170433496,0.8278308468520447,1.615723460102859,0.39398878696370276,age_per_10y + gender + denture_type + baseline_outcome,0.966867414495252,0.822146281736338,0
SYNTHETIC_SIMULATION_RESULT_NOT_EMPIRICAL_EVIDENCE,NULL_ANATOMY_EFFECT_PIPELINE_TEST,A12,"A12 in {2,3} vs 1",ohip_meaningful_deterioration,Anchor-alapu szamottevo OHIP-5 romlas,1000,226,0.226,451,0.451,102,349,124,425,1.0017099547093078,0.743713053493065,1.3492069671909828,1.0260730056254606,0.7520406293035435,1.399958688200499,0.8710187108871122,age_per_10y + gender + denture_type + baseline_outcome,0.9678238787453687,0.9124957923579272,0
SYNTHETIC_SIMULATION_RESULT_NOT_EMPIRICAL_EVIDENCE,NULL_ANATOMY_EFFECT_PIPELINE_TEST,A13,"A13 in {2,3} vs 1",ohip_meaningful_deterioration,Anchor-alapu szamottevo OHIP-5 romlas,1000,226,0.226,295,0.295,65,230,161,544,0.9549014312719417,0.6887769378102188,1.3238491206516623,1.0819881056657934,0.7691987382178692,1.5219711144022465,0.6508037620779112,age_per_10y + gender + denture_type + baseline_outcome,0.966867414495252,0.822146281736338,0
SYNTHETIC_SIMULATION_RESULT_NOT_EMPIRICAL_EVIDENCE,NULL_ANATOMY_EFFECT_PIPELINE_TEST,A14,A14 >= 2 vs A14 = 1 (protetikai szituacio),ohip_meaningful_deterioration,Anchor-alapu szamottevo OHIP-5 romlas,1000,226,0.226,700,0.7,157,543,69,231,0.9679718151973737,0.7013075435158211,1.3360321640335544,1.0675927951154385,0.7615553223003688,1.4966140250187345,0.7043176924950243,age_per_10y + gender + denture_type + baseline_outcome,0.966867414495252,0.822146281736338,0
SYNTHETIC_SIMULATION_RESULT_NOT_EMPIRICAL_EVIDENCE,NULL_ANATOMY_EFFECT_PIPELINE_TEST,F5,F5 >= 2 vs F5 = 1,gohai_meaningful_improvement,Anchor-alapu szamottevo GOHAI javulas,1000,637,0.637,374,0.374,231,143,406,220,0.8753315649867374,0.6713145829230232,1.1413506694967603,0.8899664027493123,0.6753946498653539,1.1727072433583114,0.40758423021390344,age_per_10y + gender + denture_type + baseline_outcome,0.966867414495252,0.9294181692713462,0
SYNTHETIC_SIMULATION_RESULT_NOT_EMPIRICAL_EVIDENCE,NULL_ANATOMY_EFFECT_PIPELINE_TEST,F7,F7 >= 2 vs F7 = 1,gohai_meaningful_improvement,Anchor-alapu szamottevo GOHAI javulas,1000,637,0.637,345,0.345,220,125,417,238,1.0045083932853718,0.7659031355187192,1.317447423031339,1.075144925345105,0.8107021468130399,1.4258462433329513,0.6149439443585922,age_per_10y + gender + denture_type + baseline_outcome,0.966867414495252,0.9294181692713462,0
SYNTHETIC_SIMULATION_RESULT_NOT_EMPIRICAL_EVIDENCE,NULL_ANATOMY_EFFECT_PIPELINE_TEST,F8,F8 >= 2 vs F8 = 1,gohai_meaningful_improvement,Anchor-alapu szamottevo GOHAI javulas,1000,637,0.637,482,0.482,303,179,334,184,0.9325260094336467,0.7205265159718374,1.2069018127630313,0.9133428024365078,0.698576283712379,1.1941359794373327,0.5074963152127674,age_per_10y + gender + denture_type + baseline_outcome,0.966867414495252,0.9294181692713462,0
SYNTHETIC_SIMULATION_RESULT_NOT_EMPIRICAL_EVIDENCE,NULL_ANATOMY_EFFECT_PIPELINE_TEST,A1_Kaan,A1_Kaan >= 2 vs A1_Kaan = 1,gohai_meaningful_improvement,Anchor-alapu szamottevo GOHAI javulas,1000,637,0.637,437,0.437,282,155,355,208,1.065988187187642,0.8217772865895414,1.3827722349682876,1.07349702961256,0.8190940446570463,1.4069152133434157,0.6073086984934202,age_per_10y + gender + denture_type + baseline_outcome,0.966867414495252,0.9294181692713462,0
SYNTHETIC_SIMULATION_RESULT_NOT_EMPIRICAL_EVIDENCE,NULL_ANATOMY_EFFECT_PIPELINE_TEST,A3_jobb,"A3_jobb in {2,3} vs 1",gohai_meaningful_improvement,Anchor-alapu szamottevo GOHAI javulas,1000,637,0.637,398,0.398,259,139,378,224,1.104183320010658,0.8478442153919277,1.4380245592949619,1.0629935205815453,0.8079938500120607,1.3984700809065336,0.6624614792031404,age_per_10y + gender + denture_type + baseline_outcome,0.966867414495252,0.9294181692713462,0
SYNTHETIC_SIMULATION_RESULT_NOT_EMPIRICAL_EVIDENCE,NULL_ANATOMY_EFFECT_PIPELINE_TEST,A3_bal,"A3_bal in {2,3} vs 1",gohai_meaningful_improvement,Anchor-alapu szamottevo GOHAI javulas,1000,637,0.637,376,0.376,239,137,398,226,0.9906099842277079,0.7592293975317435,1.2925054588795621,0.9563831536089451,0.7252980476395267,1.2610936145268403,0.7519754954169545,age_per_10y + gender + denture_type + baseline_outcome,0.966867414495252,0.9294181692713462,0
SYNTHETIC_SIMULATION_RESULT_NOT_EMPIRICAL_EVIDENCE,NULL_ANATOMY_EFFECT_PIPELINE_TEST,A4_jobb,"A4_jobb in {2,3} vs 1",gohai_meaningful_improvement,Anchor-alapu szamottevo GOHAI javulas,1000,637,0.637,270,0.27,180,90,457,273,1.1947483588621444,0.8903140271032991,1.6032810868408005,1.2526194314903034,0.9227944657284459,1.7003303535294745,0.14856366566926474,age_per_10y + gender + denture_type + baseline_outcome,0.966867414495252,0.9294181692713462,0
SYNTHETIC_SIMULATION_RESULT_NOT_EMPIRICAL_EVIDENCE,NULL_ANATOMY_EFFECT_PIPELINE_TEST,A4_bal,"A4_bal in {2,3} vs 1",gohai_meaningful_improvement,Anchor-alapu szamottevo GOHAI javulas,1000,637,0.637,275,0.275,176,99,461,264,1.0180766449746927,0.7625584072850302,1.359213989565929,1.0075371131049708,0.7464099478845917,1.360018093489901,0.9608725172864729,age_per_10y + gender + denture_type + baseline_outcome,0.9832183897815071,0.9608725172864729,0
SYNTHETIC_SIMULATION_RESULT_NOT_EMPIRICAL_EVIDENCE,NULL_ANATOMY_EFFECT_PIPELINE_TEST,A5_jobb,"A5_jobb in {1,3} vs 2",gohai_meaningful_improvement,Anchor-alapu szamottevo GOHAI javulas,1000,637,0.637,442,0.442,274,168,363,195,0.8761314443132625,0.6761015830157509,1.1353416808914065,0.902979112437336,0.6893384159820054,1.182831623182602,0.45873795135761575,age_per_10y + gender + denture_type + baseline_outcome,0.966867414495252,0.9294181692713462,0
SYNTHETIC_SIMULATION_RESULT_NOT_EMPIRICAL_EVIDENCE,NULL_ANATOMY_EFFECT_PIPELINE_TEST,A5_bal,"A5_bal in {1,3} vs 2",gohai_meaningful_improvement,Anchor-alapu szamottevo GOHAI javulas,1000,637,0.637,448,0.448,291,157,346,206,1.1035307978351312,0.8511713345408427,1.4307110359015587,1.1607913804609165,0.8860084886489746,1.5207942657603561,0.2793297175085667,age_per_10y + gender + denture_type + baseline_outcome,0.966867414495252,0.9294181692713462,0
SYNTHETIC_SIMULATION_RESULT_NOT_EMPIRICAL_EVIDENCE,NULL_ANATOMY_EFFECT_PIPELINE_TEST,A6_jobb,"A6_jobb in {2,3} vs 1",gohai_meaningful_improvement,Anchor-alapu szamottevo GOHAI javulas,1000,637,0.637,415,0.415,268,147,369,216,1.0671976107516177,0.8211894750132966,1.386903723255245,1.075430173024145,0.8179194509403765,1.4140146144232613,0.6025551197997607,age_per_10y + gender + denture_type + baseline_outcome,0.966867414495252,0.9294181692713462,0
SYNTHETIC_SIMULATION_RESULT_NOT_EMPIRICAL_EVIDENCE,NULL_ANATOMY_EFFECT_PIPELINE_TEST,A6_bal,"A6_bal in {2,3} vs 1",gohai_meaningful_improvement,Anchor-alapu szamottevo GOHAI javulas,1000,637,0.637,407,0.407,259,148,378,215,0.9953703703703703,0.7656913290824934,1.293944617863769,1.0199224241188956,0.7766434733185508,1.3394070599417698,0.8871718888499214,age_per_10y + gender + denture_type + baseline_outcome,0.9678238787453687,0.9294181692713462,0
SYNTHETIC_SIMULATION_RESULT_NOT_EMPIRICAL_EVIDENCE,NULL_ANATOMY_EFFECT_PIPELINE_TEST,A7_jobb,"A7_jobb in {2,3} vs 1",gohai_meaningful_improvement,Anchor-alapu szamottevo GOHAI javulas,1000,637,0.637,440,0.44,284,156,353,207,1.0675528437568098,0.8231484835361781,1.384524295443426,1.0761774621446822,0.8216982212199369,1.409468707755879,0.5938040970919372,age_per_10y + gender + denture_type + baseline_outcome,0.966867414495252,0.9294181692713462,0
SYNTHETIC_SIMULATION_RESULT_NOT_EMPIRICAL_EVIDENCE,NULL_ANATOMY_EFFECT_PIPELINE_TEST,A7_bal,"A7_bal in {2,3} vs 1",gohai_meaningful_improvement,Anchor-alapu szamottevo GOHAI javulas,1000,637,0.637,406,0.406,263,143,374,220,1.0818593171534348,0.8316142172158156,1.4074068935836335,1.1655758028762997,0.8860071172207833,1.5333589604926285,0.2735206773313317,age_per_10y + gender + denture_type + baseline_outcome,0.966867414495252,0.9294181692713462,0
SYNTHETIC_SIMULATION_RESULT_NOT_EMPIRICAL_EVIDENCE,NULL_ANATOMY_EFFECT_PIPELINE_TEST,A8_jobb,"A8_jobb in {2,3} vs 1",gohai_meaningful_improvement,Anchor-alapu szamottevo GOHAI javulas,1000,637,0.637,331,0.331,220,111,417,252,1.1977445070970252,0.9082857306856726,1.5794500076513478,1.2463001460426673,0.9353756595329962,1.660577799086059,0.13265673904378172,age_per_10y + gender + denture_type + baseline_outcome,0.966867414495252,0.9294181692713462,0
SYNTHETIC_SIMULATION_RESULT_NOT_EMPIRICAL_EVIDENCE,NULL_ANATOMY_EFFECT_PIPELINE_TEST,A8_bal,"A8_bal in {2,3} vs 1",gohai_meaningful_improvement,Anchor-alapu szamottevo GOHAI javulas,1000,637,0.637,366,0.366,231,135,406,228,0.960919540229885,0.7356003947996623,1.2552553931772814,0.946600811329258,0.7172419664695245,1.2493037745962434,0.6982763551256168,age_per_10y + gender + denture_type + baseline_outcome,0.966867414495252,0.9294181692713462,0
SYNTHETIC_SIMULATION_RESULT_NOT_EMPIRICAL_EVIDENCE,NULL_ANATOMY_EFFECT_PIPELINE_TEST,A9_jobb,"A9_jobb in {2,3} vs 1",gohai_meaningful_improvement,Anchor-alapu szamottevo GOHAI javulas,1000,637,0.637,378,0.378,242,136,395,227,1.0225986597170513,0.7837384752481115,1.334256326415601,1.0251808350080827,0.777201306650019,1.3522825238135416,0.8602837191313275,age_per_10y + gender + denture_type + baseline_outcome,0.9678238787453687,0.9294181692713462,0
SYNTHETIC_SIMULATION_RESULT_NOT_EMPIRICAL_EVIDENCE,NULL_ANATOMY_EFFECT_PIPELINE_TEST,A9_bal,"A9_bal in {2,3} vs 1",gohai_meaningful_improvement,Anchor-alapu szamottevo GOHAI javulas,1000,637,0.637,388,0.388,258,130,379,233,1.2200933631012787,0.9345859583290399,1.5928206511312544,1.2657775959782058,0.9589119889164749,1.670844604092153,0.09615562286641147,age_per_10y + gender + denture_type + baseline_outcome,0.966867414495252,0.9294181692713462,0
SYNTHETIC_SIMULATION_RESULT_NOT_EMPIRICAL_EVIDENCE,NULL_ANATOMY_EFFECT_PIPELINE_TEST,A11,"A11 in {1,3} vs 2",gohai_meaningful_improvement,Anchor-alapu szamottevo GOHAI javulas,1000,637,0.637,296,0.296,189,107,448,256,1.0093457943925233,0.7609373819290748,1.3388472650339998,1.036235391988108,0.7721946340606487,1.3905610583722499,0.8125016150958322,age_per_10y + gender + denture_type + baseline_outcome,0.966867414495252,0.9294181692713462,0
SYNTHETIC_SIMULATION_RESULT_NOT_EMPIRICAL_EVIDENCE,NULL_ANATOMY_EFFECT_PIPELINE_TEST,A12,"A12 in {2,3} vs 1",gohai_meaningful_improvement,Anchor-alapu szamottevo GOHAI javulas,1000,637,0.637,451,0.451,286,165,351,198,0.9777777777777777,0.7547000431371486,1.2667938625548885,0.9670082484625633,0.7388933790614761,1.2655478843001426,0.8069304831188675,age_per_10y + gender + denture_type + baseline_outcome,0.966867414495252,0.9294181692713462,0
SYNTHETIC_SIMULATION_RESULT_NOT_EMPIRICAL_EVIDENCE,NULL_ANATOMY_EFFECT_PIPELINE_TEST,A13,"A13 in {2,3} vs 1",gohai_meaningful_improvement,Anchor-alapu szamottevo GOHAI javulas,1000,637,0.637,295,0.295,187,108,450,255,0.9811728395061728,0.7398215365117166,1.3012599572645176,0.9104687928663227,0.6787581325846613,1.2212795441976727,0.5313525078025718,age_per_10y + gender + denture_type + baseline_outcome,0.966867414495252,0.9294181692713462,0
SYNTHETIC_SIMULATION_RESULT_NOT_EMPIRICAL_EVIDENCE,NULL_ANATOMY_EFFECT_PIPELINE_TEST,A14,A14 >= 2 vs A14 = 1 (protetikai szituacio),gohai_meaningful_improvement,Anchor-alapu szamottevo GOHAI javulas,1000,637,0.637,700,0.7,446,254,191,109,1.002061260667024,0.7564043640678584,1.3274999693675795,0.950432305266659,0.7094179100894534,1.2733278284172331,0.733339598637185,age_per_10y + gender + denture_type + baseline_outcome,0.966867414495252,0.9294181692713462,0
SYNTHETIC_SIMULATION_RESULT_NOT_EMPIRICAL_EVIDENCE,NULL_ANATOMY_EFFECT_PIPELINE_TEST,F5,F5 >= 2 vs F5 = 1,gohai_meaningful_deterioration,Anchor-alapu szamottevo GOHAI romlas,1000,174,0.174,374,0.374,66,308,108,518,1.0277777777777777,0.7336347541908943,1.4398543068734813,1.017471292334897,0.7230461542113439,1.431786649712331,0.9208390340239622,age_per_10y + gender + denture_type + baseline_outcome,0.9750797117954364,0.9465671567413572,0
SYNTHETIC_SIMULATION_RESULT_NOT_EMPIRICAL_EVIDENCE,NULL_ANATOMY_EFFECT_PIPELINE_TEST,F7,F7 >= 2 vs F7 = 1,gohai_meaningful_deterioration,Anchor-alapu szamottevo GOHAI romlas,1000,174,0.174,345,0.345,59,286,115,540,0.9686834904226208,0.6860032642748461,1.3678472880289445,0.9346704057633881,0.6588463439206549,1.3259673905318135,0.7049425267183485,age_per_10y + gender + denture_type + baseline_outcome,0.966867414495252,0.9465671567413572,0
SYNTHETIC_SIMULATION_RESULT_NOT_EMPIRICAL_EVIDENCE,NULL_ANATOMY_EFFECT_PIPELINE_TEST,F8,F8 >= 2 vs F8 = 1,gohai_meaningful_deterioration,Anchor-alapu szamottevo GOHAI romlas,1000,174,0.174,482,0.482,80,402,94,424,0.8976394622631523,0.6467044780160428,1.2459425156355461,0.8941316190151198,0.641484213304199,1.2462837518707277,0.5089460200564249,age_per_10y + gender + denture_type + baseline_outcome,0.966867414495252,0.9465671567413572,0
SYNTHETIC_SIMULATION_RESULT_NOT_EMPIRICAL_EVIDENCE,NULL_ANATOMY_EFFECT_PIPELINE_TEST,A1_Kaan,A1_Kaan >= 2 vs A1_Kaan = 1,gohai_meaningful_deterioration,Anchor-alapu szamottevo GOHAI romlas,1000,174,0.174,437,0.437,72,365,102,461,0.891539081385979,0.6400031831283646,1.2419343443783075,0.8719151776977864,0.6231346796225472,1.2200188850992242,0.42389152271304287,age_per_10y + gender + denture_type + baseline_outcome,0.966867414495252,0.9465671567413572,0
SYNTHETIC_SIMULATION_RESULT_NOT_EMPIRICAL_EVIDENCE,NULL_ANATOMY_EFFECT_PIPELINE_TEST,A3_jobb,"A3_jobb in {2,3} vs 1",gohai_meaningful_deterioration,Anchor-alapu szamottevo GOHAI romlas,1000,174,0.174,398,0.398,51,347,123,479,0.5723624095030576,0.4015381001980745,0.8158596348653959,0.582707244194422,0.40724161003307036,0.8337746538451327,0.003132176310001881,age_per_10y + gender + denture_type + baseline_outcome,0.4134472729202483,0.06890787882004137,0
SYNTHETIC_SIMULATION_RESULT_NOT_EMPIRICAL_EVIDENCE,NULL_ANATOMY_EFFECT_PIPELINE_TEST,A3_bal,"A3_bal in {2,3} vs 1",gohai_meaningful_deterioration,Anchor-alapu szamottevo GOHAI romlas,1000,174,0.174,376,0.376,67,309,107,517,1.0476665759307988,0.7484562160646273,1.4664922687044513,1.087511540547625,0.7735332111281122,1.5289341605636548,0.6293507778145617,age_per_10y + gender + denture_type + baseline_outcome,0.966867414495252,0.9465671567413572,0
SYNTHETIC_SIMULATION_RESULT_NOT_EMPIRICAL_EVIDENCE,NULL_ANATOMY_EFFECT_PIPELINE_TEST,A4_jobb,"A4_jobb in {2,3} vs 1",gohai_meaningful_deterioration,Anchor-alapu szamottevo GOHAI romlas,1000,174,0.174,270,0.27,36,234,138,592,0.6599777034559643,0.44381151598936736,0.9814314261044186,0.6342463217441242,0.4245454970061432,0.9475271778471608,0.026206740367285205,age_per_10y + gender + denture_type + baseline_outcome,0.8648224321204118,0.28827414404013724,0
SYNTHETIC_SIMULATION_RESULT_NOT_EMPIRICAL_EVIDENCE,NULL_ANATOMY_EFFECT_PIPELINE_TEST,A4_bal,"A4_bal in {2,3} vs 1",gohai_meaningful_deterioration,Anchor-alapu szamottevo GOHAI romlas,1000,174,0.174,275,0.275,53,222,121,604,1.1917206462661007,0.8334112297719464,1.704078428515433,1.2124291385539552,0.8441277982472098,1.7414240107564716,0.2970848902632396,age_per_10y + gender + denture_type + baseline_outcome,0.966867414495252,0.9465671567413572,0
SYNTHETIC_SIMULATION_RESULT_NOT_EMPIRICAL_EVIDENCE,NULL_ANATOMY_EFFECT_PIPELINE_TEST,A5_jobb,"A5_jobb in {1,3} vs 2",gohai_meaningful_deterioration,Anchor-alapu szamottevo GOHAI romlas,1000,174,0.174,442,0.442,81,361,93,465,1.1218836565096952,0.8080972992685981,1.557514101188969,1.1141274786339574,0.7984821726148387,1.5545494705064777,0.5248630140236829,age_per_10y + gender + denture_type + baseline_outcome,0.966867414495252,0.9465671567413572,0
SYNTHETIC_SIMULATION_RESULT_NOT_EMPIRICAL_EVIDENCE,NULL_ANATOMY_EFFECT_PIPELINE_TEST,A5_bal,"A5_bal in {1,3} vs 2",gohai_meaningful_deterioration,Anchor-alapu szamottevo GOHAI romlas,1000,174,0.174,448,0.448,78,370,96,456,1.0013513513513514,0.7207971633196774,1.3911049874768624,0.9761157244309788,0.6996463205964325,1.3618336571386134,0.8868581289994115,age_per_10y + gender + denture_type + baseline_outcome,0.9678238787453687,0.9465671567413572,0
SYNTHETIC_SIMULATION_RESULT_NOT_EMPIRICAL_EVIDENCE,NULL_ANATOMY_EFFECT_PIPELINE_TEST,A6_jobb,"A6_jobb in {2,3} vs 1",gohai_meaningful_deterioration,Anchor-alapu szamottevo GOHAI romlas,1000,174,0.174,415,0.415,62,353,112,473,0.7417543504653986,0.5282184723755332,1.0416135466826022,0.7450141947414732,0.527639201331504,1.0519425944198613,0.09446995986757532,age_per_10y + gender + denture_type + baseline_outcome,0.966867414495252,0.6927797056955524,0
SYNTHETIC_SIMULATION_RESULT_NOT_EMPIRICAL_EVIDENCE,NULL_ANATOMY_EFFECT_PIPELINE_TEST,A6_bal,"A6_bal in {2,3} vs 1",gohai_meaningful_deterioration,Anchor-alapu szamottevo GOHAI romlas,1000,174,0.174,407,0.407,68,339,106,487,0.9215784493794178,0.6595049813532352,1.2877944251730797,0.894416210725761,0.6374027042906915,1.255062698391366,0.5185554923036371,age_per_10y + gender + denture_type + baseline_outcome,0.966867414495252,0.9465671567413572,0
SYNTHETIC_SIMULATION_RESULT_NOT_EMPIRICAL_EVIDENCE,NULL_ANATOMY_EFFECT_PIPELINE_TEST,A7_jobb,"A7_jobb in {2,3} vs 1",gohai_meaningful_deterioration,Anchor-alapu szamottevo GOHAI romlas,1000,174,0.174,440,0.44,79,361,95,465,1.071147397579822,0.7711628929397328,1.4878267067133017,1.0801723107171153,0.7747758182976331,1.5059481636941487,0.6492043284554098,age_per_10y + gender + denture_type + baseline_outcome,0.966867414495252,0.9465671567413572,0
SYNTHETIC_SIMULATION_RESULT_NOT_EMPIRICAL_EVIDENCE,NULL_ANATOMY_EFFECT_PIPELINE_TEST,A7_bal,"A7_bal in {2,3} vs 1",gohai_meaningful_deterioration,Anchor-alapu szamottevo GOHAI romlas,1000,174,0.174,406,0.406,73,333,101,493,1.07005024826807,0.7680194805351624,1.4908574103103576,1.016648241531444,0.7262030773198941,1.4232570465322962,0.9233709392002238,age_per_10y + gender + denture_type + baseline_outcome,0.9750797117954364,0.9465671567413572,0
SYNTHETIC_SIMULATION_RESULT_NOT_EMPIRICAL_EVIDENCE,NULL_ANATOMY_EFFECT_PIPELINE_TEST,A8_jobb,"A8_jobb in {2,3} vs 1",gohai_meaningful_deterioration,Anchor-alapu szamottevo GOHAI romlas,1000,174,0.174,331,0.331,59,272,115,554,1.0449488491048593,0.7394651586930675,1.4766322448179015,1.037505308015799,0.7313786376415415,1.4717647040280717,0.8364834766327078,age_per_10y + gender + denture_type + baseline_outcome,0.9678238787453687,0.9465671567413572,0
SYNTHETIC_SIMULATION_RESULT_NOT_EMPIRICAL_EVIDENCE,NULL_ANATOMY_EFFECT_PIPELINE_TEST,A8_bal,"A8_bal in {2,3} vs 1",gohai_meaningful_deterioration,Anchor-alapu szamottevo GOHAI romlas,1000,174,0.174,366,0.366,65,301,109,525,1.0401109451674846,0.7416029450800962,1.4587735734252727,1.0456881872723753,0.7424070451265633,1.4728628885984993,0.7982361967089092,age_per_10y + gender + denture_type + baseline_outcome,0.966867414495252,0.9465671567413572,0
SYNTHETIC_SIMULATION_RESULT_NOT_EMPIRICAL_EVIDENCE,NULL_ANATOMY_EFFECT_PIPELINE_TEST,A9_jobb,"A9_jobb in {2,3} vs 1",gohai_meaningful_deterioration,Anchor-alapu szamottevo GOHAI romlas,1000,174,0.174,378,0.378,63,315,111,511,0.9207207207207208,0.6556309122300353,1.292993709953458,0.9159722973282012,0.648863484848276,1.2930381645206734,0.617805405898042,age_per_10y + gender + denture_type + baseline_outcome,0.966867414495252,0.9465671567413572,0
SYNTHETIC_SIMULATION_RESULT_NOT_EMPIRICAL_EVIDENCE,NULL_ANATOMY_EFFECT_PIPELINE_TEST,A9_bal,"A9_bal in {2,3} vs 1",gohai_meaningful_deterioration,Anchor-alapu szamottevo GOHAI romlas,1000,174,0.174,388,0.388,60,328,114,498,0.7991014120667522,0.567485012771239,1.1252509800192572,0.7710764614641825,0.5448198722644328,1.091294462063144,0.14238317805902928,age_per_10y + gender + denture_type + baseline_outcome,0.966867414495252,0.7831074793246611,0
SYNTHETIC_SIMULATION_RESULT_NOT_EMPIRICAL_EVIDENCE,NULL_ANATOMY_EFFECT_PIPELINE_TEST,A11,"A11 in {1,3} vs 2",gohai_meaningful_deterioration,Anchor-alapu szamottevo GOHAI romlas,1000,174,0.174,296,0.296,47,249,127,577,0.8575720203649243,0.5946352020183097,1.2367746941596862,0.8503064709829714,0.5865153859964518,1.2327402006123824,0.3921347094588987,age_per_10y + gender + denture_type + baseline_outcome,0.966867414495252,0.9465671567413572,0
SYNTHETIC_SIMULATION_RESULT_NOT_EMPIRICAL_EVIDENCE,NULL_ANATOMY_EFFECT_PIPELINE_TEST,A12,"A12 in {2,3} vs 1",gohai_meaningful_deterioration,Anchor-alapu szamottevo GOHAI romlas,1000,174,0.174,451,0.451,76,375,98,451,0.9326802721088435,0.6709230881617928,1.2965606719011171,0.9456249243378899,0.6774803875254689,1.3199001978421459,0.7424502639925339,age_per_10y + gender + denture_type + baseline_outcome,0.966867414495252,0.9465671567413572,0
SYNTHETIC_SIMULATION_RESULT_NOT_EMPIRICAL_EVIDENCE,NULL_ANATOMY_EFFECT_PIPELINE_TEST,A13,"A13 in {2,3} vs 1",gohai_meaningful_deterioration,Anchor-alapu szamottevo GOHAI romlas,1000,174,0.174,295,0.295,50,245,124,581,0.956221198156682,0.6666658749007951,1.3715400986142634,0.987581253318935,0.6852582663751571,1.4232834243155903,0.9465671567413572,age_per_10y + gender + denture_type + baseline_outcome,0.9832183897815071,0.9465671567413572,0
SYNTHETIC_SIMULATION_RESULT_NOT_EMPIRICAL_EVIDENCE,NULL_ANATOMY_EFFECT_PIPELINE_TEST,A14,A14 >= 2 vs A14 = 1 (protetikai szituacio),gohai_meaningful_deterioration,Anchor-alapu szamottevo GOHAI romlas,1000,174,0.174,700,0.7,122,578,52,248,1.0066542454085707,0.7043765383410033,1.4386520768931599,1.0541451939833972,0.7341314289878315,1.513655520143537,0.775142273536991,age_per_10y + gender + denture_type + baseline_outcome,0.966867414495252,0.9465671567413572,0
SYNTHETIC_SIMULATION_RESULT_NOT_EMPIRICAL_EVIDENCE,NULL_ANATOMY_EFFECT_PIPELINE_TEST,F5,F5 >= 2 vs F5 = 1,mai_meaningful_improvement,Anchor-alapu szamottevo MAI javulas,1000,405,0.405,374,0.374,145,229,260,366,0.8913335572724219,0.6860260171530022,1.1580836447238132,0.8944344017207908,0.6879254104180441,1.1629355259539993,0.40486820159699943,age_per_10y + gender + denture_type + baseline_outcome,0.966867414495252,0.9279847737135838,0
SYNTHETIC_SIMULATION_RESULT_NOT_EMPIRICAL_EVIDENCE,NULL_ANATOMY_EFFECT_PIPELINE_TEST,F7,F7 >= 2 vs F7 = 1,mai_meaningful_improvement,Anchor-alapu szamottevo MAI javulas,1000,405,0.405,345,0.345,143,202,262,393,1.061881188118812,0.814535882149937,1.384336383934841,1.0648496715646627,0.8162767483582003,1.3891181211666552,0.6431760572910141,age_per_10y + gender + denture_type + baseline_outcome,0.966867414495252,0.9279847737135838,0
SYNTHETIC_SIMULATION_RESULT_NOT_EMPIRICAL_EVIDENCE,NULL_ANATOMY_EFFECT_PIPELINE_TEST,F8,F8 >= 2 vs F8 = 1,mai_meaningful_improvement,Anchor-alapu szamottevo MAI javulas,1000,405,0.405,482,0.482,200,282,205,313,1.082857637087009,0.8410790892627288,1.3941384076324128,1.081884916523142,0.8395165743276534,1.3942249723153923,0.5430588152825062,age_per_10y + gender + denture_type + baseline_outcome,0.966867414495252,0.9279847737135838,0
SYNTHETIC_SIMULATION_RESULT_NOT_EMPIRICAL_EVIDENCE,NULL_ANATOMY_EFFECT_PIPELINE_TEST,A1_Kaan,A1_Kaan >= 2 vs A1_Kaan = 1,mai_meaningful_improvement,Anchor-alapu szamottevo MAI javulas,1000,405,0.405,437,0.437,186,251,219,344,1.1640015281340392,0.9026365929042537,1.5010465653059317,1.1501522066657102,0.8910961992899508,1.4845199649062408,0.28263656468486087,age_per_10y + gender + denture_type + baseline_outcome,0.966867414495252,0.9279847737135838,0
SYNTHETIC_SIMULATION_RESULT_NOT_EMPIRICAL_EVIDENCE,NULL_ANATOMY_EFFECT_PIPELINE_TEST,A3_jobb,"A3_jobb in {2,3} vs 1",mai_meaningful_improvement,Anchor-alapu szamottevo MAI javulas,1000,405,0.405,398,0.398,158,240,247,355,0.9461875843454791,0.7308344923035528,1.2249982098514332,0.9400118029039244,0.7254000119356347,1.2181171423486148,0.6399011102451309,age_per_10y + gender + denture_type + baseline_outcome,0.966867414495252,0.9279847737135838,0
SYNTHETIC_SIMULATION_RESULT_NOT_EMPIRICAL_EVIDENCE,NULL_ANATOMY_EFFECT_PIPELINE_TEST,A3_bal,"A3_bal in {2,3} vs 1",mai_meaningful_improvement,Anchor-alapu szamottevo MAI javulas,1000,405,0.405,376,0.376,141,235,264,360,0.8181818181818182,0.6293943283583291,1.0635963138552282,0.8228252709844437,0.6322557179149516,1.0708348021009055,0.1468332741336212,age_per_10y + gender + denture_type + baseline_outcome,0.966867414495252,0.9279847737135838,0
SYNTHETIC_SIMULATION_RESULT_NOT_EMPIRICAL_EVIDENCE,NULL_ANATOMY_EFFECT_PIPELINE_TEST,A4_jobb,"A4_jobb in {2,3} vs 1",mai_meaningful_improvement,Anchor-alapu szamottevo MAI javulas,1000,405,0.405,270,0.27,108,162,297,433,0.9719416386083053,0.7310862894813946,1.2921464435213408,0.9725190473276519,0.7305358921685751,1.2946568506134903,0.8486122635172326,age_per_10y + gender + denture_type + baseline_outcome,0.9678238787453687,0.9279847737135838,0
SYNTHETIC_SIMULATION_RESULT_NOT_EMPIRICAL_EVIDENCE,NULL_ANATOMY_EFFECT_PIPELINE_TEST,A4_bal,"A4_bal in {2,3} vs 1",mai_meaningful_improvement,Anchor-alapu szamottevo MAI javulas,1000,405,0.405,275,0.275,110,165,295,430,0.9717514124293786,0.7321390053430081,1.2897834983072456,0.9645615905193738,0.7260844579836501,1.2813647939648012,0.8033586296552789,age_per_10y + gender + denture_type + baseline_outcome,0.966867414495252,0.9279847737135838,0
SYNTHETIC_SIMULATION_RESULT_NOT_EMPIRICAL_EVIDENCE,NULL_ANATOMY_EFFECT_PIPELINE_TEST,A5_jobb,"A5_jobb in {1,3} vs 2",mai_meaningful_improvement,Anchor-alapu szamottevo MAI javulas,1000,405,0.405,442,0.442,178,264,227,331,0.9831464423975437,0.7623982220432236,1.2678110982584996,0.9814438691294639,0.7600663044591596,1.2673000534304957,0.8858036476356936,age_per_10y + gender + denture_type + baseline_outcome,0.9678238787453687,0.9279847737135838,0
SYNTHETIC_SIMULATION_RESULT_NOT_EMPIRICAL_EVIDENCE,NULL_ANATOMY_EFFECT_PIPELINE_TEST,A5_bal,"A5_bal in {1,3} vs 2",mai_meaningful_improvement,Anchor-alapu szamottevo MAI javulas,1000,405,0.405,448,0.448,185,263,220,332,1.061527825786381,0.8235982027124142,1.3681930353996097,1.0650320438035883,0.8255341044041077,1.3740113803623062,0.6278338079181498,age_per_10y + gender + denture_type + baseline_outcome,0.966867414495252,0.9279847737135838,0
SYNTHETIC_SIMULATION_RESULT_NOT_EMPIRICAL_EVIDENCE,NULL_ANATOMY_EFFECT_PIPELINE_TEST,A6_jobb,"A6_jobb in {2,3} vs 1",mai_meaningful_improvement,Anchor-alapu szamottevo MAI javulas,1000,405,0.405,415,0.415,175,240,230,355,1.1254528985507246,0.8713510729589844,1.453655439425677,1.1406693296199448,0.8812616441580385,1.4764361165164706,0.317413376997455,age_per_10y + gender + denture_type + baseline_outcome,0.966867414495252,0.9279847737135838,0
SYNTHETIC_SIMULATION_RESULT_NOT_EMPIRICAL_EVIDENCE,NULL_ANATOMY_EFFECT_PIPELINE_TEST,A6_bal,"A6_bal in {2,3} vs 1",mai_meaningful_improvement,Anchor-alapu szamottevo MAI javulas,1000,405,0.405,407,0.407,174,233,231,362,1.1702803634134107,0.9054821734872912,1.5125158386237925,1.1616478216411985,0.8981143552889674,1.5025098458531658,0.25370216714967886,age_per_10y + gender + denture_type + baseline_outcome,0.966867414495252,0.9279847737135838,0
SYNTHETIC_SIMULATION_RESULT_NOT_EMPIRICAL_EVIDENCE,NULL_ANATOMY_EFFECT_PIPELINE_TEST,A7_jobb,"A7_jobb in {2,3} vs 1",mai_meaningful_improvement,Anchor-alapu szamottevo MAI javulas,1000,405,0.405,440,0.44,178,262,227,333,0.9966371859972425,0.7727969949562757,1.2853125555550349,0.9994625722438196,0.7744592891321542,1.2898359504934223,0.9967039487135895,age_per_10y + gender + denture_type + baseline_outcome,0.9971355368331474,0.9967039487135895,0
SYNTHETIC_SIMULATION_RESULT_NOT_EMPIRICAL_EVIDENCE,NULL_ANATOMY_EFFECT_PIPELINE_TEST,A7_bal,"A7_bal in {2,3} vs 1",mai_meaningful_improvement,Anchor-alapu szamottevo MAI javulas,1000,405,0.405,406,0.406,167,239,238,356,1.045181252417285,0.8083722118971296,1.3513624470599437,1.0395574189009498,0.8035480777752257,1.344884838980724,0.7677847584895838,age_per_10y + gender + denture_type + baseline_outcome,0.966867414495252,0.9279847737135838,0
SYNTHETIC_SIMULATION_RESULT_NOT_EMPIRICAL_EVIDENCE,NULL_ANATOMY_EFFECT_PIPELINE_TEST,A8_jobb,"A8_jobb in {2,3} vs 1",mai_meaningful_improvement,Anchor-alapu szamottevo MAI javulas,1000,405,0.405,331,0.331,137,194,268,401,1.0566433297430373,0.8083352872181335,1.3812277453986257,1.0607299731965765,0.8109431413091752,1.3874561836988797,0.6669439074437276,age_per_10y + gender + denture_type + baseline_outcome,0.966867414495252,0.9279847737135838,0
SYNTHETIC_SIMULATION_RESULT_NOT_EMPIRICAL_EVIDENCE,NULL_ANATOMY_EFFECT_PIPELINE_TEST,A8_bal,"A8_bal in {2,3} vs 1",mai_meaningful_improvement,Anchor-alapu szamottevo MAI javulas,1000,405,0.405,366,0.366,146,220,259,375,0.9608634608634609,0.7391034304495646,1.2491602019231995,0.9652508357838876,0.7418428941858599,1.255938667450611,0.7923055093073532,age_per_10y + gender + denture_type + baseline_outcome,0.966867414495252,0.9279847737135838,0
SYNTHETIC_SIMULATION_RESULT_NOT_EMPIRICAL_EVIDENCE,NULL_ANATOMY_EFFECT_PIPELINE_TEST,A9_jobb,"A9_jobb in {2,3} vs 1",mai_meaningful_improvement,Anchor-alapu szamottevo MAI javulas,1000,405,0.405,378,0.378,134,244,271,351,0.7112999818522775,0.5464280218136043,0.925918225247309,0.7160475323379322,0.5493260349927214,0.9333693215069182,0.013516910240368987,age_per_10y + gender + denture_type + baseline_outcome,0.8648224321204118,0.29737202528811774,0
SYNTHETIC_SIMULATION_RESULT_NOT_EMPIRICAL_EVIDENCE,NULL_ANATOMY_EFFECT_PIPELINE_TEST,A9_bal,"A9_bal in {2,3} vs 1",mai_meaningful_improvement,Anchor-alapu szamottevo MAI javulas,1000,405,0.405,388,0.388,161,227,244,368,1.069690185599769,0.8257923345477841,1.3856232920775038,1.071098886467499,0.8259911385031696,1.38894083860382,0.6044186191916989,age_per_10y + gender + denture_type + baseline_outcome,0.966867414495252,0.9279847737135838,0
SYNTHETIC_SIMULATION_RESULT_NOT_EMPIRICAL_EVIDENCE,NULL_ANATOMY_EFFECT_PIPELINE_TEST,A11,"A11 in {1,3} vs 2",mai_meaningful_improvement,Anchor-alapu szamottevo MAI javulas,1000,405,0.405,296,0.296,112,184,293,411,0.853835880694465,0.6461978707650234,1.1281926854667579,0.8648979560530236,0.6538147949857043,1.1441290104196162,0.30926782481234094,age_per_10y + gender + denture_type + baseline_outcome,0.966867414495252,0.9279847737135838,0
SYNTHETIC_SIMULATION_RESULT_NOT_EMPIRICAL_EVIDENCE,NULL_ANATOMY_EFFECT_PIPELINE_TEST,A12,"A12 in {2,3} vs 1",mai_meaningful_improvement,Anchor-alapu szamottevo MAI javulas,1000,405,0.405,451,0.451,190,261,215,334,1.1308919183818944,0.8775841273360941,1.45731502111784,1.1400847984717402,0.8840402005173119,1.4702876033756733,0.312386955787191,age_per_10y + gender + denture_type + baseline_outcome,0.966867414495252,0.9279847737135838,0
SYNTHETIC_SIMULATION_RESULT_NOT_EMPIRICAL_EVIDENCE,NULL_ANATOMY_EFFECT_PIPELINE_TEST,A13,"A13 in {2,3} vs 1",mai_meaningful_improvement,Anchor-alapu szamottevo MAI javulas,1000,405,0.405,295,0.295,113,182,292,413,0.8781612223393045,0.664696555494284,1.1601792217006501,0.8759148577043524,0.6626069215032075,1.157891372771484,0.35215281114480124,age_per_10y + gender + denture_type + baseline_outcome,0.966867414495252,0.9279847737135838,0
SYNTHETIC_SIMULATION_RESULT_NOT_EMPIRICAL_EVIDENCE,NULL_ANATOMY_EFFECT_PIPELINE_TEST,A14,A14 >= 2 vs A14 = 1 (protetikai szituacio),mai_meaningful_improvement,Anchor-alapu szamottevo MAI javulas,1000,405,0.405,700,0.7,281,419,124,176,0.9518823619986142,0.7229936147789485,1.253233794272291,0.963805870371747,0.7311010003072858,1.2705792433228924,0.7937282528987,age_per_10y + gender + denture_type + baseline_outcome,0.966867414495252,0.9279847737135838,0
SYNTHETIC_SIMULATION_RESULT_NOT_EMPIRICAL_EVIDENCE,NULL_ANATOMY_EFFECT_PIPELINE_TEST,F5,F5 >= 2 vs F5 = 1,mai_meaningful_deterioration,Anchor-alapu szamottevo MAI romlas,1000,274,0.274,374,0.374,104,270,170,456,1.033202614379085,0.7756742639507149,1.3762318694482347,1.027806656761229,0.7708822928710611,1.3703603435335199,0.8517529038921937,age_per_10y + gender + denture_type + baseline_outcome,0.9678238787453687,0.9369281942814132,0
SYNTHETIC_SIMULATION_RESULT_NOT_EMPIRICAL_EVIDENCE,NULL_ANATOMY_EFFECT_PIPELINE_TEST,F7,F7 >= 2 vs F7 = 1,mai_meaningful_deterioration,Anchor-alapu szamottevo MAI romlas,1000,274,0.274,345,0.345,88,257,186,469,0.8633948370361073,0.642365433567996,1.1604775189723817,0.8614940861069992,0.6403699089614721,1.1589739774015313,0.32457032700534316,age_per_10y + gender + denture_type + baseline_outcome,0.966867414495252,0.8708806094833124,0
SYNTHETIC_SIMULATION_RESULT_NOT_EMPIRICAL_EVIDENCE,NULL_ANATOMY_EFFECT_PIPELINE_TEST,F8,F8 >= 2 vs F8 = 1,mai_meaningful_deterioration,Anchor-alapu szamottevo MAI romlas,1000,274,0.274,482,0.482,128,354,146,372,0.921290921755282,0.6974152637318805,1.21703238608068,0.9212665335299843,0.6965805709318479,1.2184262111516628,0.5653440783083057,age_per_10y + gender + denture_type + baseline_outcome,0.966867414495252,0.8708806094833124,0
SYNTHETIC_SIMULATION_RESULT_NOT_EMPIRICAL_EVIDENCE,NULL_ANATOMY_EFFECT_PIPELINE_TEST,A1_Kaan,A1_Kaan >= 2 vs A1_Kaan = 1,mai_meaningful_deterioration,Anchor-alapu szamottevo MAI romlas,1000,274,0.274,437,0.437,109,328,165,398,0.801589061345159,0.6042247734533273,1.0634205208036636,0.813532033189457,0.6125530852021616,1.0804522661198348,0.1540203236106449,age_per_10y + gender + denture_type + baseline_outcome,0.966867414495252,0.8708806094833124,0
SYNTHETIC_SIMULATION_RESULT_NOT_EMPIRICAL_EVIDENCE,NULL_ANATOMY_EFFECT_PIPELINE_TEST,A3_jobb,"A3_jobb in {2,3} vs 1",mai_meaningful_deterioration,Anchor-alapu szamottevo MAI romlas,1000,274,0.274,398,0.398,107,291,167,435,0.9577751713068708,0.7206223397395078,1.2729736898019364,0.9646485637596911,0.7249398412662988,1.2836194103198812,0.8049620515034869,age_per_10y + gender + denture_type + baseline_outcome,0.966867414495252,0.9320613227935112,0
SYNTHETIC_SIMULATION_RESULT_NOT_EMPIRICAL_EVIDENCE,NULL_ANATOMY_EFFECT_PIPELINE_TEST,A3_bal,"A3_bal in {2,3} vs 1",mai_meaningful_deterioration,Anchor-alapu szamottevo MAI romlas,1000,274,0.274,376,0.376,114,262,160,464,1.2618320610687024,0.9498748676569221,1.6762420025581424,1.249668772012541,0.9394031156098298,1.662408835773922,0.12585328440956586,age_per_10y + gender + denture_type + baseline_outcome,0.966867414495252,0.8708806094833124,0
SYNTHETIC_SIMULATION_RESULT_NOT_EMPIRICAL_EVIDENCE,NULL_ANATOMY_EFFECT_PIPELINE_TEST,A4_jobb,"A4_jobb in {2,3} vs 1",mai_meaningful_deterioration,Anchor-alapu szamottevo MAI romlas,1000,274,0.274,270,0.27,72,198,202,528,0.9504950495049505,0.693852234217413,1.3020651870529716,0.9484530351787397,0.6911181738484292,1.3016054185503865,0.7431310799143285,age_per_10y + gender + denture_type + baseline_outcome,0.966867414495252,0.9082713198952904,0
SYNTHETIC_SIMULATION_RESULT_NOT_EMPIRICAL_EVIDENCE,NULL_ANATOMY_EFFECT_PIPELINE_TEST,A4_bal,"A4_bal in {2,3} vs 1",mai_meaningful_deterioration,Anchor-alapu szamottevo MAI romlas,1000,274,0.274,275,0.275,79,196,195,530,1.0954997383568812,0.8046913343064354,1.491403753930543,1.1064485327078213,0.8117675828669484,1.508102049613314,0.5220570081392395,age_per_10y + gender + denture_type + baseline_outcome,0.966867414495252,0.8708806094833124,0
SYNTHETIC_SIMULATION_RESULT_NOT_EMPIRICAL_EVIDENCE,NULL_ANATOMY_EFFECT_PIPELINE_TEST,A5_jobb,"A5_jobb in {1,3} vs 2",mai_meaningful_deterioration,Anchor-alapu szamottevo MAI romlas,1000,274,0.274,442,0.442,120,322,154,404,0.9776558844881826,0.7388988849523584,1.2935613355757032,0.9812041069021346,0.7403609270625316,1.3003947996303424,0.8949476363132773,age_per_10y + gender + denture_type + baseline_outcome,0.9683039999455132,0.9375641904234333,0
SYNTHETIC_SIMULATION_RESULT_NOT_EMPIRICAL_EVIDENCE,NULL_ANATOMY_EFFECT_PIPELINE_TEST,A5_bal,"A5_bal in {1,3} vs 2",mai_meaningful_deterioration,Anchor-alapu szamottevo MAI romlas,1000,274,0.274,448,0.448,115,333,159,393,0.8535894384950988,0.6445798587217325,1.130371853311234,0.8498928905512704,0.6409580372038856,1.126934812395258,0.2585466069486356,age_per_10y + gender + denture_type + baseline_outcome,0.966867414495252,0.8708806094833124,0
SYNTHETIC_SIMULATION_RESULT_NOT_EMPIRICAL_EVIDENCE,NULL_ANATOMY_EFFECT_PIPELINE_TEST,A6_jobb,"A6_jobb in {2,3} vs 1",mai_meaningful_deterioration,Anchor-alapu szamottevo MAI romlas,1000,274,0.274,415,0.415,109,306,165,420,0.9067142008318478,0.6830601490348698,1.2035991898396743,0.8892803066568521,0.6682198226339835,1.1834720207647524,0.42097633413687474,age_per_10y + gender + denture_type + baseline_outcome,0.966867414495252,0.8708806094833124,0
SYNTHETIC_SIMULATION_RESULT_NOT_EMPIRICAL_EVIDENCE,NULL_ANATOMY_EFFECT_PIPELINE_TEST,A6_bal,"A6_bal in {2,3} vs 1",mai_meaningful_deterioration,Anchor-alapu szamottevo MAI romlas,1000,274,0.274,407,0.407,103,304,171,422,0.8361418898122499,0.628484564734258,1.1124111857773549,0.846039533576365,0.6352689927202689,1.1267398544183271,0.252755822006285,age_per_10y + gender + denture_type + baseline_outcome,0.966867414495252,0.8708806094833124,0
SYNTHETIC_SIMULATION_RESULT_NOT_EMPIRICAL_EVIDENCE,NULL_ANATOMY_EFFECT_PIPELINE_TEST,A7_jobb,"A7_jobb in {2,3} vs 1",mai_meaningful_deterioration,Anchor-alapu szamottevo MAI romlas,1000,274,0.274,440,0.44,121,319,153,407,1.0090151002929908,0.7626806908459726,1.3349118246195213,1.0044196934244434,0.7584869630164498,1.3300939498375706,0.9754475182522865,age_per_10y + gender + denture_type + baseline_outcome,0.9904544031484754,0.9754475182522865,0
SYNTHETIC_SIMULATION_RESULT_NOT_EMPIRICAL_EVIDENCE,NULL_ANATOMY_EFFECT_PIPELINE_TEST,A7_bal,"A7_bal in {2,3} vs 1",mai_meaningful_deterioration,Anchor-alapu szamottevo MAI romlas,1000,274,0.274,406,0.406,108,298,166,428,0.9344222527694671,0.7034966503916649,1.2411501120647142,0.9405332563774245,0.7075224106427774,1.2502823840565964,0.672953198237105,age_per_10y + gender + denture_type + baseline_outcome,0.966867414495252,0.8708806094833124,0
SYNTHETIC_SIMULATION_RESULT_NOT_EMPIRICAL_EVIDENCE,NULL_ANATOMY_EFFECT_PIPELINE_TEST,A8_jobb,"A8_jobb in {2,3} vs 1",mai_meaningful_deterioration,Anchor-alapu szamottevo MAI romlas,1000,274,0.274,331,0.331,88,243,186,483,0.9403955927253418,0.6989177509135949,1.2653046365774385,0.9369567282528054,0.6957327151574285,1.2618177807256847,0.6680987846678221,age_per_10y + gender + denture_type + baseline_outcome,0.966867414495252,0.8708806094833124,0
SYNTHETIC_SIMULATION_RESULT_NOT_EMPIRICAL_EVIDENCE,NULL_ANATOMY_EFFECT_PIPELINE_TEST,A8_bal,"A8_bal in {2,3} vs 1",mai_meaningful_deterioration,Anchor-alapu szamottevo MAI romlas,1000,274,0.274,366,0.366,104,262,170,464,1.0834306241580602,0.8129730269750677,1.4438632997838967,1.0757518710510021,0.80629607191452,1.4352570084111949,0.61963141295674,age_per_10y + gender + denture_type + baseline_outcome,0.966867414495252,0.8708806094833124,0
SYNTHETIC_SIMULATION_RESULT_NOT_EMPIRICAL_EVIDENCE,NULL_ANATOMY_EFFECT_PIPELINE_TEST,A9_jobb,"A9_jobb in {2,3} vs 1",mai_meaningful_deterioration,Anchor-alapu szamottevo MAI romlas,1000,274,0.274,378,0.378,113,265,161,461,1.2209773819289815,0.9190606927460451,1.6220754286943313,1.2079212846265994,0.9076202999395946,1.6075817497152507,0.1952127683665138,age_per_10y + gender + denture_type + baseline_outcome,0.966867414495252,0.8708806094833124,0
SYNTHETIC_SIMULATION_RESULT_NOT_EMPIRICAL_EVIDENCE,NULL_ANATOMY_EFFECT_PIPELINE_TEST,A9_bal,"A9_bal in {2,3} vs 1",mai_meaningful_deterioration,Anchor-alapu szamottevo MAI romlas,1000,274,0.274,388,0.388,101,287,173,439,0.893013232361886,0.6702068787957951,1.1898902538963723,0.8913768994109276,0.6680366338500396,1.1893850375005026,0.43457249855091984,age_per_10y + gender + denture_type + baseline_outcome,0.966867414495252,0.8708806094833124,0
SYNTHETIC_SIMULATION_RESULT_NOT_EMPIRICAL_EVIDENCE,NULL_ANATOMY_EFFECT_PIPELINE_TEST,A11,"A11 in {1,3} vs 2",mai_meaningful_deterioration,Anchor-alapu szamottevo MAI romlas,1000,274,0.274,296,0.296,77,219,197,507,0.9048744871705723,0.6653886544425969,1.2305557542427918,0.8863513835123971,0.6507403511099886,1.2072691876480155,0.4441434024026445,age_per_10y + gender + denture_type + baseline_outcome,0.966867414495252,0.8708806094833124,0
SYNTHETIC_SIMULATION_RESULT_NOT_EMPIRICAL_EVIDENCE,NULL_ANATOMY_EFFECT_PIPELINE_TEST,A12,"A12 in {2,3} vs 1",mai_meaningful_deterioration,Anchor-alapu szamottevo MAI romlas,1000,274,0.274,451,0.451,120,331,154,395,0.9298858241456429,0.7029301956809768,1.230118795948635,0.9201065890513435,0.6948597726458766,1.2183697611275466,0.5610843945687776,age_per_10y + gender + denture_type + baseline_outcome,0.966867414495252,0.8708806094833124,0
SYNTHETIC_SIMULATION_RESULT_NOT_EMPIRICAL_EVIDENCE,NULL_ANATOMY_EFFECT_PIPELINE_TEST,A13,"A13 in {2,3} vs 1",mai_meaningful_deterioration,Anchor-alapu szamottevo MAI romlas,1000,274,0.274,295,0.295,84,211,190,515,1.0790720878024445,0.7972526007056455,1.4605114735828055,1.0820687310584323,0.7987955070012506,1.4657978524816277,0.6105274376726937,age_per_10y + gender + denture_type + baseline_outcome,0.966867414495252,0.8708806094833124,0
SYNTHETIC_SIMULATION_RESULT_NOT_EMPIRICAL_EVIDENCE,NULL_ANATOMY_EFFECT_PIPELINE_TEST,A14,A14 >= 2 vs A14 = 1 (protetikai szituacio),mai_meaningful_deterioration,Anchor-alapu szamottevo MAI romlas,1000,274,0.274,700,0.7,201,499,73,227,1.2525599143492465,0.9183027611736341,1.7084848324200352,1.2305680015304727,0.9007642640389683,1.681125314186744,0.19243754651164335,age_per_10y + gender + denture_type + baseline_outcome,0.966867414495252,0.8708806094833124,0
