"pred","pred_cimke","pred_rovid","csoport","irany_van","out","out_cimke","blokk","out_rovid","rho","n","r_ns","adat_P_pos","adat_median","adat_q05","adat_q95","prior_P_pos","post_P_pos","post_median","post_q05","post_q95","elmozdulas_prior_to_post"
"A1","A1 · Kaán-féle gerincforma (telítődő 0–1)","A1 Kaán-gerincforma ↑","Alsó állcsont",TRUE,"s_GOHAI","GOHAI az utánkövetéskor (↑ jobb)","Állapot az új fogsorral","GOHAI",0.0883,6,0.1127,0.5643,0.056,-0.532,0.624,0.98,0.9845,0.25,0.018,0.71,0.0045
"A1","A1 · Kaán-féle gerincforma (telítődő 0–1)","A1 Kaán-gerincforma ↑","Alsó állcsont",TRUE,"s_INDEX","Siker-index (4 kimenet z-átlaga)","Állapot az új fogsorral","Siker-index",0.1765,6,0.1727,0.5986,0.087,-0.506,0.648,0.98,0.9865,0.263,0.02,0.723,0.0065
"A1","A1 · Kaán-féle gerincforma (telítődő 0–1)","A1 Kaán-gerincforma ↑","Alsó állcsont",TRUE,"s_MAI","MAI az utánkövetéskor (↓ jobb)","Állapot az új fogsorral","MAI",-0.6179,6,-0.5647,0.1828,-0.317,-0.804,0.295,0.98,0.9165,0.147,-0.326,0.588,-0.0635
"A1","A1 · Kaán-féle gerincforma (telítődő 0–1)","A1 Kaán-gerincforma ↑","Alsó állcsont",TRUE,"s_OHIP","OHIP-5 az utánkövetéskor (↓ jobb)","Állapot az új fogsorral","OHIP-5",0.1343,6,0.1095,0.5624,0.055,-0.533,0.623,0.98,0.9844,0.249,0.018,0.71,0.0044
"A1","A1 · Kaán-féle gerincforma (telítődő 0–1)","A1 Kaán-gerincforma ↑","Alsó állcsont",TRUE,"s_RAGAS","Önbevallott rágóképesség a fogsorral","Állapot az új fogsorral","Önbev. rágás",-0.0953,6,-0.119,0.431,-0.059,-0.626,0.529,0.98,0.9738,0.209,0.01,0.665,-0.0062
"A1","A1 · Kaán-féle gerincforma (telítődő 0–1)","A1 Kaán-gerincforma ↑","Alsó állcsont",TRUE,"v_GOHAI","GOHAI-javulás","Változás (kiindulás → utánkövetés)","ΔGOHAI",0.7165,6,0.6747,0.8733,0.404,-0.207,0.851,0.98,0.9971,0.453,0.07,0.864,0.0171
"A1","A1 · Kaán-féle gerincforma (telítődő 0–1)","A1 Kaán-gerincforma ↑","Alsó állcsont",TRUE,"v_GRC","Megélt rágásváltozás (GRC)","Változás (kiindulás → utánkövetés)","GRC",-0.1044,6,-0.0933,0.4457,-0.047,-0.616,0.54,0.98,0.9753,0.213,0.011,0.67,-0.0047
"A1","A1 · Kaán-féle gerincforma (telítődő 0–1)","A1 Kaán-gerincforma ↑","Alsó állcsont",TRUE,"v_MAI","MAI-javulás","Változás (kiindulás → utánkövetés)","ΔMAI",-0.7062,6,-0.6357,0.1459,-0.371,-0.834,0.241,0.98,0.8934,0.136,-0.451,0.575,-0.0866
"A1","A1 · Kaán-féle gerincforma (telítődő 0–1)","A1 Kaán-gerincforma ↑","Alsó állcsont",TRUE,"v_OHIP","OHIP-5-javulás","Változás (kiindulás → utánkövetés)","ΔOHIP-5",-0.2727,6,-0.2748,0.3422,-0.14,-0.688,0.459,0.98,0.9623,0.186,0.005,0.637,-0.0177
"A10","A10 · állcsontreláció szöge (°)","A10 állcsontreláció (nyers)","Nincs tankönyvi irány",FALSE,"s_GOHAI","GOHAI az utánkövetéskor (↑ jobb)","Állapot az új fogsorral","GOHAI",-0.6571,6,-0.5663,0.182,-0.318,-0.805,0.294,0.5,0.1821,-0.318,-0.805,0.294,-0.3179
"A10","A10 · állcsontreláció szöge (°)","A10 állcsontreláció (nyers)","Nincs tankönyvi irány",FALSE,"s_INDEX","Siker-index (4 kimenet z-átlaga)","Állapot az új fogsorral","Siker-index",-0.3714,6,-0.3186,0.3175,-0.164,-0.705,0.438,0.5,0.3178,-0.164,-0.705,0.438,-0.1822
"A10","A10 · állcsontreláció szöge (°)","A10 állcsontreláció (nyers)","Nincs tankönyvi irány",FALSE,"s_MAI","MAI az utánkövetéskor (↓ jobb)","Állapot az új fogsorral","MAI",-0.4857,6,-0.4486,0.2453,-0.24,-0.756,0.369,0.5,0.2456,-0.24,-0.757,0.369,-0.2544
"A10","A10 · állcsontreláció szöge (°)","A10 állcsontreláció (nyers)","Nincs tankönyvi irány",FALSE,"s_OHIP","OHIP-5 az utánkövetéskor (↓ jobb)","Állapot az új fogsorral","OHIP-5",0,6,0.0126,0.5066,0.006,-0.574,0.584,0.5,0.5072,0.007,-0.574,0.584,0.0072
"A10","A10 · állcsontreláció szöge (°)","A10 állcsontreláció (nyers)","Nincs tankönyvi irány",FALSE,"s_RAGAS","Önbevallott rágóképesség a fogsorral","Állapot az új fogsorral","Önbev. rágás",-0.3703,6,-0.2966,0.3299,-0.152,-0.696,0.449,0.5,0.3302,-0.152,-0.696,0.449,-0.1698
"A10","A10 · állcsontreláció szöge (°)","A10 állcsontreláció (nyers)","Nincs tankönyvi irány",FALSE,"v_GOHAI","GOHAI-javulás","Változás (kiindulás → utánkövetés)","ΔGOHAI",0.058,6,0.0343,0.5192,0.017,-0.565,0.593,0.5,0.5198,0.018,-0.565,0.593,0.0198
"A10","A10 · állcsontreláció szöge (°)","A10 állcsontreláció (nyers)","Nincs tankönyvi irány",FALSE,"v_GRC","Megélt rágásváltozás (GRC)","Változás (kiindulás → utánkövetés)","GRC",0.2704,6,0.2566,0.6464,0.13,-0.468,0.68,0.5,0.6471,0.131,-0.468,0.681,0.1471
"A10","A10 · állcsontreláció szöge (°)","A10 állcsontreláció (nyers)","Nincs tankönyvi irány",FALSE,"v_MAI","MAI-javulás","Változás (kiindulás → utánkövetés)","ΔMAI",-0.5429,6,-0.4719,0.2326,-0.254,-0.766,0.355,0.5,0.2328,-0.255,-0.766,0.355,-0.2672
"A10","A10 · állcsontreláció szöge (°)","A10 állcsontreláció (nyers)","Nincs tankönyvi irány",FALSE,"v_OHIP","OHIP-5-javulás","Változás (kiindulás → utánkövetés)","ΔOHIP-5",0.6768,6,0.6636,0.8677,0.395,-0.217,0.846,0.5,0.8682,0.395,-0.217,0.846,0.3682
"A11","A11 · szublingvális tájék / szájfenék","A11 szájfenék ↑","Alsó állcsont",TRUE,"s_GOHAI","GOHAI az utánkövetéskor (↑ jobb)","Állapot az új fogsorral","GOHAI",0.0617,6,0.0978,0.5557,0.049,-0.538,0.618,0.98,0.984,0.247,0.017,0.707,0.004
"A11","A11 · szublingvális tájék / szájfenék","A11 szájfenék ↑","Alsó állcsont",TRUE,"s_INDEX","Siker-index (4 kimenet z-átlaga)","Állapot az új fogsorral","Siker-index",0.216,6,0.2088,0.6192,0.105,-0.49,0.662,0.98,0.9876,0.271,0.022,0.732,0.0076
"A11","A11 · szublingvális tájék / szájfenék","A11 szájfenék ↑","Alsó állcsont",TRUE,"s_MAI","MAI az utánkövetéskor (↓ jobb)","Állapot az új fogsorral","MAI",-0.4938,6,-0.4393,0.2504,-0.234,-0.753,0.374,0.98,0.9425,0.164,-0.101,0.61,-0.0375
"A11","A11 · szublingvális tájék / szájfenék","A11 szájfenék ↑","Alsó állcsont",TRUE,"s_OHIP","OHIP-5 az utánkövetéskor (↓ jobb)","Állapot az új fogsorral","OHIP-5",0.2035,6,0.1658,0.5947,0.083,-0.509,0.645,0.98,0.9863,0.261,0.02,0.722,0.0063
"A11","A11 · szublingvális tájék / szájfenék","A11 szájfenék ↑","Alsó állcsont",TRUE,"s_RAGAS","Önbevallott rágóképesség a fogsorral","Állapot az új fogsorral","Önbev. rágás",-0.1167,6,-0.1219,0.4294,-0.061,-0.627,0.528,0.98,0.9736,0.208,0.01,0.664,-0.0064
"A11","A11 · szublingvális tájék / szájfenék","A11 szájfenék ↑","Alsó állcsont",TRUE,"v_GOHAI","GOHAI-javulás","Változás (kiindulás → utánkövetés)","ΔGOHAI",0.7671,6,0.7024,0.8871,0.43,-0.181,0.863,0.98,0.9974,0.472,0.078,0.874,0.0174
"A11","A11 · szublingvális tájék / szájfenék","A11 szájfenék ↑","Alsó állcsont",TRUE,"v_GRC","Megélt rágásváltozás (GRC)","Változás (kiindulás → utánkövetés)","GRC",-0.0183,6,-0.0214,0.4871,-0.011,-0.587,0.57,0.98,0.979,0.225,0.013,0.683,-0.001
"A11","A11 · szublingvális tájék / szájfenék","A11 szájfenék ↑","Alsó állcsont",TRUE,"v_MAI","MAI-javulás","Változás (kiindulás → utánkövetés)","ΔMAI",-0.7407,6,-0.646,0.1407,-0.38,-0.838,0.233,0.98,0.8892,0.134,-0.469,0.573,-0.0908
"A11","A11 · szublingvális tájék / szájfenék","A11 szájfenék ↑","Alsó állcsont",TRUE,"v_OHIP","OHIP-5-javulás","Változás (kiindulás → utánkövetés)","ΔOHIP-5",-0.0636,6,-0.0589,0.4655,-0.029,-0.602,0.555,0.98,0.9772,0.218,0.012,0.676,-0.0028
"A12","A12 · spinae mentales","A12 spinae mentales","Alsó állcsont",TRUE,"s_GOHAI","GOHAI az utánkövetéskor (↑ jobb)","Állapot az új fogsorral","GOHAI",0.0976,6,0.0782,0.5444,0.039,-0.547,0.61,0.98,0.9833,0.243,0.016,0.703,0.0033
"A12","A12 · spinae mentales","A12 spinae mentales","Alsó állcsont",TRUE,"s_INDEX","Siker-index (4 kimenet z-átlaga)","Állapot az új fogsorral","Siker-index",0.2928,6,0.2507,0.6431,0.127,-0.471,0.678,0.98,0.9888,0.281,0.024,0.741,0.0088
"A12","A12 · spinae mentales","A12 spinae mentales","Alsó állcsont",TRUE,"s_MAI","MAI az utánkövetéskor (↓ jobb)","Állapot az új fogsorral","MAI",-0.2928,6,-0.2507,0.3558,-0.127,-0.678,0.471,0.98,0.9644,0.189,0.006,0.641,-0.0156
"A12","A12 · spinae mentales","A12 spinae mentales","Alsó állcsont",TRUE,"s_OHIP","OHIP-5 az utánkövetéskor (↓ jobb)","Állapot az új fogsorral","OHIP-5",0.198,6,0.1667,0.5952,0.084,-0.509,0.645,0.98,0.9863,0.261,0.02,0.722,0.0063
"A12","A12 · spinae mentales","A12 spinae mentales","Alsó állcsont",TRUE,"s_RAGAS","Önbevallott rágóképesség a fogsorral","Állapot az új fogsorral","Önbev. rágás",0.3162,6,0.2441,0.6393,0.124,-0.474,0.675,0.98,0.9887,0.279,0.024,0.74,0.0087
"A12","A12 · spinae mentales","A12 spinae mentales","Alsó állcsont",TRUE,"v_GOHAI","GOHAI-javulás","Változás (kiindulás → utánkövetés)","ΔGOHAI",0,6,0,0.4994,0,-0.579,0.579,0.98,0.98,0.228,0.014,0.687,-0
"A12","A12 · spinae mentales","A12 spinae mentales","Alsó állcsont",TRUE,"v_GRC","Megélt rágásváltozás (GRC)","Változás (kiindulás → utánkövetés)","GRC",-0.6928,6,-0.6778,0.1246,-0.407,-0.852,0.204,0.98,0.8747,0.129,-0.525,0.566,-0.1053
"A12","A12 · spinae mentales","A12 spinae mentales","Alsó állcsont",TRUE,"v_MAI","MAI-javulás","Változás (kiindulás → utánkövetés)","ΔMAI",-0.0976,6,-0.0782,0.4544,-0.039,-0.61,0.547,0.98,0.9761,0.215,0.011,0.672,-0.0039
"A12","A12 · spinae mentales","A12 spinae mentales","Alsó állcsont",TRUE,"v_OHIP","OHIP-5-javulás","Változás (kiindulás → utánkövetés)","ΔOHIP-5",-0.402,6,-0.4081,0.2676,-0.215,-0.74,0.392,0.98,0.9472,0.168,-0.042,0.615,-0.0328
"A2","A2 · alsó gerincmagasság, modellanalízis (mm)","A2 gerincmagasság ↓","Alsó állcsont",TRUE,"s_GOHAI","GOHAI az utánkövetéskor (↑ jobb)","Állapot az új fogsorral","GOHAI",0.2571,6,0.3206,0.6826,0.165,-0.437,0.706,0.98,0.9906,0.3,0.028,0.758,0.0106
"A2","A2 · alsó gerincmagasság, modellanalízis (mm)","A2 gerincmagasság ↓","Alsó állcsont",TRUE,"s_INDEX","Siker-index (4 kimenet z-átlaga)","Állapot az új fogsorral","Siker-index",0.4286,6,0.4462,0.7525,0.238,-0.37,0.755,0.98,0.9934,0.341,0.037,0.792,0.0134
"A2","A2 · alsó gerincmagasság, modellanalízis (mm)","A2 gerincmagasság ↓","Alsó állcsont",TRUE,"s_MAI","MAI az utánkövetéskor (↓ jobb)","Állapot az új fogsorral","MAI",-0.4286,6,-0.3696,0.289,-0.193,-0.725,0.412,0.98,0.9522,0.173,0.001,0.621,-0.0278
"A2","A2 · alsó gerincmagasság, modellanalízis (mm)","A2 gerincmagasság ↓","Alsó állcsont",TRUE,"s_OHIP","OHIP-5 az utánkövetéskor (↓ jobb)","Állapot az új fogsorral","OHIP-5",0.3479,6,0.3626,0.7062,0.189,-0.416,0.722,0.98,0.9916,0.312,0.03,0.769,0.0116
"A2","A2 · alsó gerincmagasság, modellanalízis (mm)","A2 gerincmagasság ↓","Alsó állcsont",TRUE,"s_RAGAS","Önbevallott rágóképesség a fogsorral","Állapot az új fogsorral","Önbev. rágás",0.2777,6,0.2498,0.6426,0.127,-0.471,0.678,0.98,0.9888,0.281,0.024,0.741,0.0088
"A2","A2 · alsó gerincmagasság, modellanalízis (mm)","A2 gerincmagasság ↓","Alsó állcsont",TRUE,"v_GOHAI","GOHAI-javulás","Változás (kiindulás → utánkövetés)","ΔGOHAI",0.4638,6,0.5048,0.7844,0.276,-0.335,0.779,0.98,0.9944,0.364,0.042,0.809,0.0144
"A2","A2 · alsó gerincmagasság, modellanalízis (mm)","A2 gerincmagasság ↓","Alsó állcsont",TRUE,"v_GRC","Megélt rágásváltozás (GRC)","Változás (kiindulás → utánkövetés)","GRC",-0.3719,6,-0.2919,0.3325,-0.149,-0.694,0.451,0.98,0.9607,0.184,0.004,0.634,-0.0193
"A2","A2 · alsó gerincmagasság, modellanalízis (mm)","A2 gerincmagasság ↓","Alsó állcsont",TRUE,"v_MAI","MAI-javulás","Változás (kiindulás → utánkövetés)","ΔMAI",-0.3714,6,-0.3186,0.3175,-0.164,-0.705,0.438,0.98,0.958,0.18,0.003,0.63,-0.022
"A2","A2 · alsó gerincmagasság, modellanalízis (mm)","A2 gerincmagasság ↓","Alsó állcsont",TRUE,"v_OHIP","OHIP-5-javulás","Változás (kiindulás → utánkövetés)","ΔOHIP-5",-0.2942,6,-0.2707,0.3445,-0.138,-0.686,0.461,0.98,0.9627,0.187,0.005,0.638,-0.0173
"A3","A3 · buccinator tasak (beszűkülő vs. egyéb)","A3 buccinator (nyers)","Nincs tankönyvi irány",FALSE,"s_GOHAI","GOHAI az utánkövetéskor (↑ jobb)","Állapot az új fogsorral","GOHAI",0,6,0,0.4994,0,-0.579,0.579,0.5,0.5,-0.001,-0.579,0.579,0
"A3","A3 · buccinator tasak (beszűkülő vs. egyéb)","A3 buccinator (nyers)","Nincs tankönyvi irány",FALSE,"s_INDEX","Siker-index (4 kimenet z-átlaga)","Állapot az új fogsorral","Siker-index",-0.414,6,-0.3489,0.3005,-0.181,-0.717,0.423,0.5,0.3008,-0.181,-0.717,0.423,-0.1992
"A3","A3 · buccinator tasak (beszűkülő vs. egyéb)","A3 buccinator (nyers)","Nincs tankönyvi irány",FALSE,"s_MAI","MAI az utánkövetéskor (↓ jobb)","Állapot az új fogsorral","MAI",-0.6211,6,-0.6283,0.1497,-0.365,-0.831,0.247,0.5,0.1498,-0.366,-0.831,0.247,-0.3502
"A3","A3 · buccinator tasak (beszűkülő vs. egyéb)","A3 buccinator (nyers)","Nincs tankönyvi irány",FALSE,"s_OHIP","OHIP-5 az utánkövetéskor (↓ jobb)","Állapot az új fogsorral","OHIP-5",-0.4201,6,-0.3474,0.3014,-0.18,-0.716,0.424,0.5,0.3017,-0.18,-0.716,0.424,-0.1983
"A3","A3 · buccinator tasak (beszűkülő vs. egyéb)","A3 buccinator (nyers)","Nincs tankönyvi irány",FALSE,"s_RAGAS","Önbevallott rágóképesség a fogsorral","Állapot az új fogsorral","Önbev. rágás",-0.3354,6,-0.3429,0.3039,-0.178,-0.714,0.426,0.5,0.3042,-0.178,-0.714,0.426,-0.1958
"A3","A3 · buccinator tasak (beszűkülő vs. egyéb)","A3 buccinator (nyers)","Nincs tankönyvi irány",FALSE,"v_GOHAI","GOHAI-javulás","Változás (kiindulás → utánkövetés)","ΔGOHAI",0.21,6,0.282,0.6608,0.144,-0.456,0.69,0.5,0.6615,0.144,-0.456,0.691,0.1615
"A3","A3 · buccinator tasak (beszűkülő vs. egyéb)","A3 buccinator (nyers)","Nincs tankönyvi irány",FALSE,"v_GRC","Megélt rágásváltozás (GRC)","Változás (kiindulás → utánkövetés)","GRC",0.3674,6,0.4141,0.7348,0.219,-0.388,0.743,0.5,0.7355,0.219,-0.388,0.743,0.2355
"A3","A3 · buccinator tasak (beszűkülő vs. egyéb)","A3 buccinator (nyers)","Nincs tankönyvi irány",FALSE,"v_MAI","MAI-javulás","Változás (kiindulás → utánkövetés)","ΔMAI",-0.207,6,-0.2794,0.3396,-0.143,-0.689,0.457,0.5,0.34,-0.143,-0.689,0.457,-0.16
"A3","A3 · buccinator tasak (beszűkülő vs. egyéb)","A3 buccinator (nyers)","Nincs tankönyvi irány",FALSE,"v_OHIP","OHIP-5-javulás","Változás (kiindulás → utánkövetés)","ΔOHIP-5",-0.533,6,-0.5647,0.1829,-0.317,-0.804,0.295,0.5,0.183,-0.317,-0.804,0.295,-0.317
"A4","A4 · torus mandibularis","A4 torus mandibularis","Alsó állcsont",TRUE,"s_GOHAI","GOHAI az utánkövetéskor (↑ jobb)","Állapot az új fogsorral","GOHAI",0,6,-0,0.4994,0,-0.579,0.579,0.98,0.98,0.228,0.014,0.687,-0
"A4","A4 · torus mandibularis","A4 torus mandibularis","Alsó állcsont",TRUE,"s_INDEX","Siker-index (4 kimenet z-átlaga)","Állapot az új fogsorral","Siker-index",0,6,-0,0.4994,0,-0.579,0.579,0.98,0.98,0.228,0.014,0.687,-0
"A4","A4 · torus mandibularis","A4 torus mandibularis","Alsó állcsont",TRUE,"s_MAI","MAI az utánkövetéskor (↓ jobb)","Állapot az új fogsorral","MAI",0.8281,6,0.8113,0.9384,0.549,-0.045,0.912,0.98,0.9987,0.57,0.127,0.916,0.0187
"A4","A4 · torus mandibularis","A4 torus mandibularis","Alsó állcsont",TRUE,"s_OHIP","OHIP-5 az utánkövetéskor (↓ jobb)","Állapot az új fogsorral","OHIP-5",0,6,-0.0031,0.4976,-0.002,-0.58,0.577,0.98,0.9799,0.228,0.014,0.687,-1e-4
"A4","A4 · torus mandibularis","A4 torus mandibularis","Alsó állcsont",TRUE,"s_RAGAS","Önbevallott rágóképesség a fogsorral","Állapot az új fogsorral","Önbev. rágás",0.1118,6,0.1703,0.5972,0.085,-0.507,0.647,0.98,0.9865,0.262,0.02,0.723,0.0065
"A4","A4 · torus mandibularis","A4 torus mandibularis","Alsó állcsont",TRUE,"v_GOHAI","GOHAI-javulás","Változás (kiindulás → utánkövetés)","ΔGOHAI",-0.5251,6,-0.5504,0.1904,-0.307,-0.798,0.305,0.98,0.9202,0.149,-0.301,0.591,-0.0598
"A4","A4 · torus mandibularis","A4 torus mandibularis","Alsó állcsont",TRUE,"v_GRC","Megélt rágásváltozás (GRC)","Változás (kiindulás → utánkövetés)","GRC",0.1225,6,0.0651,0.5369,0.032,-0.552,0.605,0.98,0.9827,0.24,0.016,0.701,0.0027
"A4","A4 · torus mandibularis","A4 torus mandibularis","Alsó állcsont",TRUE,"v_MAI","MAI-javulás","Változás (kiindulás → utánkövetés)","ΔMAI",0.6211,6,0.6283,0.8497,0.365,-0.247,0.831,0.98,0.9964,0.424,0.06,0.848,0.0164
"A4","A4 · torus mandibularis","A4 torus mandibularis","Alsó állcsont",TRUE,"v_OHIP","OHIP-5-javulás","Változás (kiindulás → utánkövetés)","ΔOHIP-5",0.4264,6,0.4242,0.7404,0.225,-0.383,0.747,0.98,0.9929,0.333,0.035,0.786,0.0129
"A5","A5 · lingualis tasak (izomerő iránya)","A5 lingualis tasak ↑","Alsó állcsont",TRUE,"s_GOHAI","GOHAI az utánkövetéskor (↑ jobb)","Állapot az új fogsorral","GOHAI",0.239,6,0.2015,0.615,0.101,-0.493,0.659,0.98,0.98740000000000006,0.269,0.022,0.73,0.0074
"A5","A5 · lingualis tasak (izomerő iránya)","A5 lingualis tasak ↑","Alsó állcsont",TRUE,"s_INDEX","Siker-index (4 kimenet z-átlaga)","Állapot az új fogsorral","Siker-index",0.1195,6,0.1056,0.5602,0.053,-0.535,0.621,0.98,0.9843,0.248,0.018,0.709,0.0043
"A5","A5 · lingualis tasak (izomerő iránya)","A5 lingualis tasak ↑","Alsó állcsont",TRUE,"s_MAI","MAI az utánkövetéskor (↓ jobb)","Állapot az új fogsorral","MAI",-0.4781,6,-0.4684,0.2345,-0.252,-0.764,0.357,0.98,0.9376,0.16,-0.155,0.605,-0.0424
"A5","A5 · lingualis tasak (izomerő iránya)","A5 lingualis tasak ↑","Alsó állcsont",TRUE,"s_OHIP","OHIP-5 az utánkövetéskor (↓ jobb)","Állapot az új fogsorral","OHIP-5",-0.0606,6,-0.0508,0.4702,-0.025,-0.599,0.558,0.98,0.9776,0.22,0.012,0.678,-0.0024
"A5","A5 · lingualis tasak (izomerő iránya)","A5 lingualis tasak ↑","Alsó állcsont",TRUE,"s_RAGAS","Önbevallott rágóképesség a fogsorral","Állapot az új fogsorral","Önbev. rágás",0.0645,6,0.0013,0.5002,0.001,-0.578,0.579,0.98,0.9801,0.228,0.014,0.688,1e-4
"A5","A5 · lingualis tasak (izomerő iránya)","A5 lingualis tasak ↑","Alsó állcsont",TRUE,"v_GOHAI","GOHAI-javulás","Változás (kiindulás → utánkövetés)","ΔGOHAI",0.3032,6,0.3178,0.681,0.164,-0.438,0.704,0.98,0.9906,0.299,0.028,0.758,0.0106
"A5","A5 · lingualis tasak (izomerő iránya)","A5 lingualis tasak ↑","Alsó állcsont",TRUE,"v_GRC","Megélt rágásváltozás (GRC)","Változás (kiindulás → utánkövetés)","GRC",-0.3536,6,-0.3143,0.3199,-0.162,-0.703,0.44,0.98,0.9585,0.181,0.003,0.631,-0.0215
"A5","A5 · lingualis tasak (izomerő iránya)","A5 lingualis tasak ↑","Alsó állcsont",TRUE,"v_MAI","MAI-javulás","Változás (kiindulás → utánkövetés)","ΔMAI",-0.239,6,-0.2571,0.3522,-0.131,-0.681,0.468,0.98,0.9639,0.188,0.005,0.64,-0.0161
"A5","A5 · lingualis tasak (izomerő iránya)","A5 lingualis tasak ↑","Alsó állcsont",TRUE,"v_OHIP","OHIP-5-javulás","Változás (kiindulás → utánkövetés)","ΔOHIP-5",-0.7385,6,-0.7348,0.0967,-0.461,-0.877,0.146,0.98,0.8399,0.116,-0.627,0.552,-0.1401
"F1","F1 · felső gerincmagasság (mm)","F1 gerincmagasság ↓","Felső állcsont",TRUE,"s_GOHAI","GOHAI az utánkövetéskor (↑ jobb)","Állapot az új fogsorral","GOHAI",-0.0286,6,-0.0857,0.4501,-0.043,-0.613,0.543,0.98,0.9757,0.214,0.011,0.671,-0.0043
"F1","F1 · felső gerincmagasság (mm)","F1 gerincmagasság ↓","Felső állcsont",TRUE,"s_INDEX","Siker-index (4 kimenet z-átlaga)","Állapot az új fogsorral","Siker-index",0.1429,6,0.0399,0.5224,0.02,-0.562,0.595,0.98,0.9817,0.235,0.015,0.695,0.0017
"F1","F1 · felső gerincmagasság (mm)","F1 gerincmagasság ↓","Felső állcsont",TRUE,"s_MAI","MAI az utánkövetéskor (↓ jobb)","Állapot az új fogsorral","MAI",-0.4857,6,-0.4737,0.2317,-0.255,-0.767,0.354,0.98,0.9367,0.16,-0.164,0.604,-0.0433
"F1","F1 · felső gerincmagasság (mm)","F1 gerincmagasság ↓","Felső állcsont",TRUE,"s_OHIP","OHIP-5 az utánkövetéskor (↓ jobb)","Állapot az új fogsorral","OHIP-5",0.058,6,-0.0491,0.4711,-0.024,-0.599,0.559,0.98,0.9777,0.22,0.012,0.678,-0.0023
"F1","F1 · felső gerincmagasság (mm)","F1 gerincmagasság ↓","Felső állcsont",TRUE,"s_RAGAS","Önbevallott rágóképesség a fogsorral","Állapot az új fogsorral","Önbev. rágás",0,6,-0.1333,0.4228,-0.067,-0.632,0.523,0.98,0.9729,0.206,0.009,0.662,-0.0071
"F1","F1 · felső gerincmagasság (mm)","F1 gerincmagasság ↓","Felső állcsont",TRUE,"v_GOHAI","GOHAI-javulás","Változás (kiindulás → utánkövetés)","ΔGOHAI",0.3189,6,0.2998,0.6709,0.154,-0.447,0.697,0.98,0.9901,0.294,0.026,0.753,0.0101
"F1","F1 · felső gerincmagasság (mm)","F1 gerincmagasság ↓","Felső állcsont",TRUE,"v_GRC","Megélt rágásváltozás (GRC)","Változás (kiindulás → utánkövetés)","GRC",-0.5409,6,-0.4947,0.2203,-0.269,-0.775,0.341,0.98,0.9327,0.157,-0.202,0.6,-0.0473
"F1","F1 · felső gerincmagasság (mm)","F1 gerincmagasság ↓","Felső állcsont",TRUE,"v_MAI","MAI-javulás","Változás (kiindulás → utánkövetés)","ΔMAI",-0.4857,6,-0.4908,0.2224,-0.267,-0.774,0.344,0.98,0.9334,0.157,-0.195,0.601,-0.0466
"F1","F1 · felső gerincmagasság (mm)","F1 gerincmagasság ↓","Felső állcsont",TRUE,"v_OHIP","OHIP-5-javulás","Változás (kiindulás → utánkövetés)","ΔOHIP-5",-0.4119,6,-0.4223,0.2598,-0.224,-0.746,0.384,0.98,0.9451,0.166,-0.069,0.612,-0.0349
"F2","F2 · felső alámenősség térfogata (mm³)","F2 alámenősség (nyers)","Nincs tankönyvi irány",FALSE,"s_GOHAI","GOHAI az utánkövetéskor (↑ jobb)","Állapot az új fogsorral","GOHAI",0.7143,6,0.6703,0.8711,0.401,-0.211,0.849,0.5,0.8716,0.401,-0.211,0.849,0.3716
"F2","F2 · felső alámenősség térfogata (mm³)","F2 alámenősség (nyers)","Nincs tankönyvi irány",FALSE,"s_INDEX","Siker-index (4 kimenet z-átlaga)","Állapot az új fogsorral","Siker-index",0.6,6,0.6208,0.8458,0.359,-0.253,0.828,0.5,0.8463,0.36,-0.253,0.828,0.3463
"F2","F2 · felső alámenősség térfogata (mm³)","F2 alámenősség (nyers)","Nincs tankönyvi irány",FALSE,"s_MAI","MAI az utánkövetéskor (↓ jobb)","Állapot az új fogsorral","MAI",0.7714,6,0.8377,0.9499,0.585,0,0.924,0.5,0.9501,0.585,0.001,0.924,0.4501
"F2","F2 · felső alámenősség térfogata (mm³)","F2 alámenősség (nyers)","Nincs tankönyvi irány",FALSE,"s_OHIP","OHIP-5 az utánkövetéskor (↓ jobb)","Állapot az új fogsorral","OHIP-5",0.3769,6,0.4409,0.7496,0.235,-0.373,0.753,0.5,0.7502,0.235,-0.373,0.753,0.2502
"F2","F2 · felső alámenősség térfogata (mm³)","F2 alámenősség (nyers)","Nincs tankönyvi irány",FALSE,"s_RAGAS","Önbevallott rágóképesség a fogsorral","Állapot az új fogsorral","Önbev. rágás",0.7715,6,0.8049,0.9355,0.541,-0.055,0.909,0.5,0.9358,0.541,-0.055,0.909,0.4358
"F2","F2 · felső alámenősség térfogata (mm³)","F2 alámenősség (nyers)","Nincs tankönyvi irány",FALSE,"v_GOHAI","GOHAI-javulás","Változás (kiindulás → utánkövetés)","ΔGOHAI",-0.3769,6,-0.4048,0.2694,-0.213,-0.739,0.393,0.5,0.2697,-0.214,-0.739,0.394,-0.2303
"F2","F2 · felső alámenősség térfogata (mm³)","F2 alámenősség (nyers)","Nincs tankönyvi irány",FALSE,"v_GRC","Megélt rágásváltozás (GRC)","Változás (kiindulás → utánkövetés)","GRC",-0.169,6,-0.2538,0.3541,-0.129,-0.679,0.469,0.5,0.3545,-0.129,-0.679,0.469,-0.1455
"F2","F2 · felső alámenősség térfogata (mm³)","F2 alámenősség (nyers)","Nincs tankönyvi irány",FALSE,"v_MAI","MAI-javulás","Változás (kiindulás → utánkövetés)","ΔMAI",0.9429,6,0.9633,0.9946,0.837,0.445,0.98,0.5,0.9946,0.837,0.445,0.98,0.4946
"F2","F2 · felső alámenősség térfogata (mm³)","F2 alámenősség (nyers)","Nincs tankönyvi irány",FALSE,"v_OHIP","OHIP-5-javulás","Változás (kiindulás → utánkövetés)","ΔOHIP-5",-0.1471,6,-0.0861,0.4499,-0.043,-0.613,0.543,0.5,0.4504,-0.043,-0.614,0.543,-0.0496
"F2s","F2/L³ · méretstandardizált alámenősség","F2/L³ (nyers)","Nincs tankönyvi irány",FALSE,"s_GOHAI","GOHAI az utánkövetéskor (↑ jobb)","Állapot az új fogsorral","GOHAI",0.7143,6,0.6703,0.8711,0.401,-0.211,0.849,0.5,0.8716,0.401,-0.211,0.849,0.3716
"F2s","F2/L³ · méretstandardizált alámenősség","F2/L³ (nyers)","Nincs tankönyvi irány",FALSE,"s_INDEX","Siker-index (4 kimenet z-átlaga)","Állapot az új fogsorral","Siker-index",0.6,6,0.6208,0.8458,0.359,-0.253,0.828,0.5,0.8463,0.36,-0.253,0.828,0.3463
"F2s","F2/L³ · méretstandardizált alámenősség","F2/L³ (nyers)","Nincs tankönyvi irány",FALSE,"s_MAI","MAI az utánkövetéskor (↓ jobb)","Állapot az új fogsorral","MAI",0.7714,6,0.8377,0.9499,0.585,0,0.924,0.5,0.9501,0.585,0.001,0.924,0.4501
"F2s","F2/L³ · méretstandardizált alámenősség","F2/L³ (nyers)","Nincs tankönyvi irány",FALSE,"s_OHIP","OHIP-5 az utánkövetéskor (↓ jobb)","Állapot az új fogsorral","OHIP-5",0.3769,6,0.4409,0.7496,0.235,-0.373,0.753,0.5,0.7502,0.235,-0.373,0.753,0.2502
"F2s","F2/L³ · méretstandardizált alámenősség","F2/L³ (nyers)","Nincs tankönyvi irány",FALSE,"s_RAGAS","Önbevallott rágóképesség a fogsorral","Állapot az új fogsorral","Önbev. rágás",0.7715,6,0.8049,0.9355,0.541,-0.055,0.909,0.5,0.9358,0.541,-0.055,0.909,0.4358
"F2s","F2/L³ · méretstandardizált alámenősség","F2/L³ (nyers)","Nincs tankönyvi irány",FALSE,"v_GOHAI","GOHAI-javulás","Változás (kiindulás → utánkövetés)","ΔGOHAI",-0.3769,6,-0.4048,0.2694,-0.213,-0.739,0.393,0.5,0.2697,-0.214,-0.739,0.394,-0.2303
"F2s","F2/L³ · méretstandardizált alámenősség","F2/L³ (nyers)","Nincs tankönyvi irány",FALSE,"v_GRC","Megélt rágásváltozás (GRC)","Változás (kiindulás → utánkövetés)","GRC",-0.169,6,-0.2538,0.3541,-0.129,-0.679,0.469,0.5,0.3545,-0.129,-0.679,0.469,-0.1455
"F2s","F2/L³ · méretstandardizált alámenősség","F2/L³ (nyers)","Nincs tankönyvi irány",FALSE,"v_MAI","MAI-javulás","Változás (kiindulás → utánkövetés)","ΔMAI",0.9429,6,0.9633,0.9946,0.837,0.445,0.98,0.5,0.9946,0.837,0.445,0.98,0.4946
"F2s","F2/L³ · méretstandardizált alámenősség","F2/L³ (nyers)","Nincs tankönyvi irány",FALSE,"v_OHIP","OHIP-5-javulás","Változás (kiindulás → utánkövetés)","ΔOHIP-5",-0.1471,6,-0.0861,0.4499,-0.043,-0.613,0.543,0.5,0.4504,-0.043,-0.614,0.543,-0.0496
"F3","F3 · szájpadboltozat-magasság (mm)","F3 boltozat ↓","Felső állcsont",TRUE,"s_GOHAI","GOHAI az utánkövetéskor (↑ jobb)","Állapot az új fogsorral","GOHAI",0.8857,6,0.8592,0.9589,0.618,0.043,0.934,0.9,0.9953,0.629,0.16,0.936,0.0953
"F3","F3 · szájpadboltozat-magasság (mm)","F3 boltozat ↓","Felső állcsont",TRUE,"s_INDEX","Siker-index (4 kimenet z-átlaga)","Állapot az új fogsorral","Siker-index",0.6,6,0.6036,0.8369,0.346,-0.267,0.82,0.9,0.9789,0.405,0.037,0.838,0.0789
"F3","F3 · szájpadboltozat-magasság (mm)","F3 boltozat ↓","Felső állcsont",TRUE,"s_MAI","MAI az utánkövetéskor (↓ jobb)","Állapot az új fogsorral","MAI",0.4286,6,0.4738,0.7676,0.256,-0.354,0.767,0.9,0.9676,0.342,0.017,0.796,0.0676
"F3","F3 · szájpadboltozat-magasság (mm)","F3 boltozat ↓","Felső állcsont",TRUE,"s_OHIP","OHIP-5 az utánkövetéskor (↓ jobb)","Állapot az új fogsorral","OHIP-5",0.4058,6,0.4317,0.7445,0.229,-0.378,0.75,0.9,0.9634,0.325,0.012,0.784,0.0634
"F3","F3 · szájpadboltozat-magasság (mm)","F3 boltozat ↓","Felső állcsont",TRUE,"s_RAGAS","Önbevallott rágóképesség a fogsorral","Állapot az új fogsorral","Önbev. rágás",0.4629,6,0.4989,0.7812,0.272,-0.339,0.777,0.9,0.9699,0.353,0.02,0.804,0.0699
"F3","F3 · szájpadboltozat-magasság (mm)","F3 boltozat ↓","Felső állcsont",TRUE,"v_GOHAI","GOHAI-javulás","Változás (kiindulás → utánkövetés)","ΔGOHAI",0.4638,6,0.381,0.7164,0.199,-0.406,0.729,0.9,0.958,0.307,0.007,0.769,0.058
"F3","F3 · szájpadboltozat-magasság (mm)","F3 boltozat ↓","Felső állcsont",TRUE,"v_GRC","Megélt rágásváltozás (GRC)","Változás (kiindulás → utánkövetés)","GRC",0.5409,6,0.4947,0.7789,0.269,-0.341,0.775,0.9,0.9695,0.351,0.019,0.803,0.0695
"F3","F3 · szájpadboltozat-magasság (mm)","F3 boltozat ↓","Felső állcsont",TRUE,"v_MAI","MAI-javulás","Változás (kiindulás → utánkövetés)","ΔMAI",0.3714,6,0.4413,0.7498,0.235,-0.373,0.753,0.9,0.9644,0.329,0.013,0.787,0.0644
"F3","F3 · szájpadboltozat-magasság (mm)","F3 boltozat ↓","Felső állcsont",TRUE,"v_OHIP","OHIP-5-javulás","Változás (kiindulás → utánkövetés)","ΔOHIP-5",-0.0588,6,-0.0363,0.4786,-0.018,-0.593,0.564,0.9,0.8922,0.196,-0.261,0.666,-0.0078
"F4","F4 · felső gerincalak szöge (°)","F4 gerincalak-szög ↓","Felső állcsont",TRUE,"s_GOHAI","GOHAI az utánkövetéskor (↑ jobb)","Állapot az új fogsorral","GOHAI",0.3143,6,0.3966,0.7251,0.208,-0.398,0.736,0.9,0.9597,0.312,0.008,0.774,0.0597
"F4","F4 · felső gerincalak szöge (°)","F4 gerincalak-szög ↓","Felső állcsont",TRUE,"s_INDEX","Siker-index (4 kimenet z-átlaga)","Állapot az új fogsorral","Siker-index",0.6,6,0.6208,0.8458,0.359,-0.253,0.828,0.9,0.9802,0.414,0.04,0.844,0.0802
"F4","F4 · felső gerincalak szöge (°)","F4 gerincalak-szög ↓","Felső állcsont",TRUE,"s_MAI","MAI az utánkövetéskor (↓ jobb)","Állapot az új fogsorral","MAI",0.0857,6,0.1987,0.6135,0.1,-0.494,0.658,0.9,0.9347,0.252,-0.087,0.722,0.0347
"F4","F4 · felső gerincalak szöge (°)","F4 gerincalak-szög ↓","Felső állcsont",TRUE,"s_OHIP","OHIP-5 az utánkövetéskor (↓ jobb)","Állapot az új fogsorral","OHIP-5",0.8117,6,0.7903,0.9289,0.523,-0.077,0.902,0.9,0.9916,0.546,0.101,0.907,0.0916
"F4","F4 · felső gerincalak szöge (°)","F4 gerincalak-szög ↓","Felső állcsont",TRUE,"s_RAGAS","Önbevallott rágóképesség a fogsorral","Állapot az új fogsorral","Önbev. rágás",0.4629,6,0.4989,0.7812,0.272,-0.339,0.777,0.9,0.9699,0.353,0.02,0.804,0.0699
"F4","F4 · felső gerincalak szöge (°)","F4 gerincalak-szög ↓","Felső állcsont",TRUE,"v_GOHAI","GOHAI-javulás","Változás (kiindulás → utánkövetés)","ΔGOHAI",0.4638,6,0.4216,0.7389,0.223,-0.384,0.746,0.9,0.9623,0.322,0.011,0.781,0.0623
"F4","F4 · felső gerincalak szöge (°)","F4 gerincalak-szög ↓","Felső állcsont",TRUE,"v_GRC","Megélt rágásváltozás (GRC)","Változás (kiindulás → utánkövetés)","GRC",0.5409,6,0.4947,0.7789,0.269,-0.341,0.775,0.9,0.9695,0.351,0.019,0.803,0.0695
"F4","F4 · felső gerincalak szöge (°)","F4 gerincalak-szög ↓","Felső állcsont",TRUE,"v_MAI","MAI-javulás","Változás (kiindulás → utánkövetés)","ΔMAI",-0.0857,6,0.0282,0.5157,0.014,-0.567,0.59,0.9,0.9057,0.21,-0.213,0.681,0.0057
"F4","F4 · felső gerincalak szöge (°)","F4 gerincalak-szög ↓","Felső állcsont",TRUE,"v_OHIP","OHIP-5-javulás","Változás (kiindulás → utánkövetés)","ΔOHIP-5",0.8827,6,0.8948,0.9729,0.678,0.131,0.95,0.9,0.9969,0.685,0.214,0.951,0.0969
"F5","F5 · lötyögő, csontmag nélküli gerinc","F5 lötyögő gerinc","Felső állcsont",TRUE,"s_GOHAI","GOHAI az utánkövetéskor (↑ jobb)","Állapot az új fogsorral","GOHAI",0.207,6,0.2794,0.6593,0.143,-0.457,0.689,0.8,0.8859,0.253,-0.227,0.733,0.0859
"F5","F5 · lötyögő, csontmag nélküli gerinc","F5 lötyögő gerinc","Felső állcsont",TRUE,"s_INDEX","Siker-index (4 kimenet z-átlaga)","Állapot az új fogsorral","Siker-index",0.6211,6,0.6283,0.8497,0.365,-0.247,0.831,0.8,0.9578,0.411,0.012,0.844,0.1578
"F5","F5 · lötyögő, csontmag nélküli gerinc","F5 lötyögő gerinc","Felső állcsont",TRUE,"s_MAI","MAI az utánkövetéskor (↓ jobb)","Állapot az új fogsorral","MAI",0.207,6,0.2794,0.6593,0.143,-0.457,0.689,0.8,0.8859,0.253,-0.227,0.733,0.0859
"F5","F5 · lötyögő, csontmag nélküli gerinc","F5 lötyögő gerinc","Felső állcsont",TRUE,"s_OHIP","OHIP-5 az utánkövetéskor (↓ jobb)","Állapot az új fogsorral","OHIP-5",0.8402,6,0.8192,0.9419,0.56,-0.032,0.915,0.8,0.9849,0.575,0.102,0.918,0.1849
"F5","F5 · lötyögő, csontmag nélküli gerinc","F5 lötyögő gerinc","Felső állcsont",TRUE,"s_RAGAS","Önbevallott rágóképesség a fogsorral","Állapot az új fogsorral","Önbev. rágás",0.6708,6,0.6857,0.8788,0.414,-0.197,0.856,0.8,0.9668,0.45,0.029,0.865,0.1668
"F5","F5 · lötyögő, csontmag nélküli gerinc","F5 lötyögő gerinc","Felső állcsont",TRUE,"v_GOHAI","GOHAI-javulás","Változás (kiindulás → utánkövetés)","ΔGOHAI",0,6,0,0.4994,0,-0.579,0.579,0.8,0.8,0.169,-0.402,0.656,-0
"F5","F5 · lötyögő, csontmag nélküli gerinc","F5 lötyögő gerinc","Felső állcsont",TRUE,"v_GRC","Megélt rágásváltozás (GRC)","Változás (kiindulás → utánkövetés)","GRC",0.1225,6,0.0651,0.5369,0.032,-0.552,0.605,0.8,0.823,0.187,-0.362,0.674,0.023
"F5","F5 · lötyögő, csontmag nélküli gerinc","F5 lötyögő gerinc","Felső állcsont",TRUE,"v_MAI","MAI-javulás","Változás (kiindulás → utánkövetés)","ΔMAI",0.207,6,0.2794,0.6593,0.143,-0.457,0.689,0.8,0.8859,0.253,-0.227,0.733,0.0859
"F5","F5 · lötyögő, csontmag nélküli gerinc","F5 lötyögő gerinc","Felső állcsont",TRUE,"v_OHIP","OHIP-5-javulás","Változás (kiindulás → utánkövetés)","ΔOHIP-5",0.8528,6,0.8313,0.9471,0.576,-0.012,0.921,0.8,0.9863,0.59,0.114,0.923,0.1863
"F6","F6 · interalveoláris szög eltérése 90°-tól","F6 |szög−90°| ↑","Felső állcsont",TRUE,"s_GOHAI","GOHAI az utánkövetéskor (↑ jobb)","Állapot az új fogsorral","GOHAI",-0.0857,6,-0.0588,0.4656,-0.029,-0.602,0.555,0.98,0.9772,0.218,0.012,0.676,-0.0028
"F6","F6 · interalveoláris szög eltérése 90°-tól","F6 |szög−90°| ↑","Felső állcsont",TRUE,"s_INDEX","Siker-index (4 kimenet z-átlaga)","Állapot az új fogsorral","Siker-index",0.2,6,0.1717,0.598,0.086,-0.506,0.647,0.98,0.9865,0.262,0.02,0.723,0.0065
"F6","F6 · interalveoláris szög eltérése 90°-tól","F6 |szög−90°| ↑","Felső állcsont",TRUE,"s_MAI","MAI az utánkövetéskor (↓ jobb)","Állapot az új fogsorral","MAI",0.4857,6,0.4908,0.7768,0.267,-0.344,0.774,0.98,0.9942,0.358,0.041,0.804,0.0142
"F6","F6 · interalveoláris szög eltérése 90°-tól","F6 |szög−90°| ↑","Felső állcsont",TRUE,"s_OHIP","OHIP-5 az utánkövetéskor (↓ jobb)","Állapot az új fogsorral","OHIP-5",0.058,6,0.02,0.5109,0.01,-0.571,0.587,0.98,0.9809,0.232,0.014,0.691,9e-4
"F6","F6 · interalveoláris szög eltérése 90°-tól","F6 |szög−90°| ↑","Felső állcsont",TRUE,"s_RAGAS","Önbevallott rágóképesség a fogsorral","Állapot az új fogsorral","Önbev. rágás",0.0926,6,0.1352,0.5772,0.068,-0.522,0.633,0.98,0.9853,0.254,0.019,0.715,0.0053
"F6","F6 · interalveoláris szög eltérése 90°-tól","F6 |szög−90°| ↑","Felső állcsont",TRUE,"v_GOHAI","GOHAI-javulás","Változás (kiindulás → utánkövetés)","ΔGOHAI",-0.2319,6,-0.305,0.3252,-0.157,-0.699,0.445,0.98,0.9594,0.182,0.004,0.632,-0.0206
"F6","F6 · interalveoláris szög eltérése 90°-tól","F6 |szög−90°| ↑","Felső állcsont",TRUE,"v_GRC","Megélt rágásváltozás (GRC)","Változás (kiindulás → utánkövetés)","GRC",-0.6761,6,-0.7098,0.1088,-0.437,-0.866,0.173,0.98,0.8568,0.122,-0.582,0.559,-0.1232
"F6","F6 · interalveoláris szög eltérése 90°-tól","F6 |szög−90°| ↑","Felső állcsont",TRUE,"v_MAI","MAI-javulás","Változás (kiindulás → utánkövetés)","ΔMAI",0.0857,6,0.1815,0.6037,0.091,-0.502,0.651,0.98,0.9868,0.264,0.021,0.725,0.0068
"F6","F6 · interalveoláris szög eltérése 90°-tól","F6 |szög−90°| ↑","Felső állcsont",TRUE,"v_OHIP","OHIP-5-javulás","Változás (kiindulás → utánkövetés)","ΔOHIP-5",0,6,0,0.4994,0,-0.579,0.579,0.98,0.98,0.228,0.014,0.687,-0
"F7","F7 · torus palatinus","F7 torus palatinus","Felső állcsont",TRUE,"s_GOHAI","GOHAI az utánkövetéskor (↑ jobb)","Állapot az új fogsorral","GOHAI",0,6,0,0.4994,0,-0.579,0.579,0.98,0.98,0.228,0.014,0.687,-0
"F7","F7 · torus palatinus","F7 torus palatinus","Felső állcsont",TRUE,"s_INDEX","Siker-index (4 kimenet z-átlaga)","Állapot az új fogsorral","Siker-index",-0.414,6,-0.3489,0.3005,-0.181,-0.717,0.423,0.98,0.9547,0.176,0.002,0.625,-0.0253
"F7","F7 · torus palatinus","F7 torus palatinus","Felső állcsont",TRUE,"s_MAI","MAI az utánkövetéskor (↓ jobb)","Állapot az új fogsorral","MAI",-0.6211,6,-0.6283,0.1497,-0.365,-0.831,0.247,0.98,0.8962,0.137,-0.438,0.576,-0.0838
"F7","F7 · torus palatinus","F7 torus palatinus","Felső állcsont",TRUE,"s_OHIP","OHIP-5 az utánkövetéskor (↓ jobb)","Állapot az új fogsorral","OHIP-5",-0.4201,6,-0.3474,0.3014,-0.18,-0.716,0.424,0.98,0.9549,0.176,0.002,0.625,-0.0251
"F7","F7 · torus palatinus","F7 torus palatinus","Felső állcsont",TRUE,"s_RAGAS","Önbevallott rágóképesség a fogsorral","Állapot az új fogsorral","Önbev. rágás",-0.3354,6,-0.3429,0.3039,-0.178,-0.714,0.426,0.98,0.9554,0.177,0.002,0.626,-0.0246
"F7","F7 · torus palatinus","F7 torus palatinus","Felső állcsont",TRUE,"v_GOHAI","GOHAI-javulás","Változás (kiindulás → utánkövetés)","ΔGOHAI",0.21,6,0.282,0.6608,0.144,-0.456,0.69,0.98,0.9897,0.289,0.025,0.749,0.0097
"F7","F7 · torus palatinus","F7 torus palatinus","Felső állcsont",TRUE,"v_GRC","Megélt rágásváltozás (GRC)","Változás (kiindulás → utánkövetés)","GRC",0.3674,6,0.4141,0.7348,0.219,-0.388,0.743,0.98,0.9927,0.329,0.034,0.783,0.0127
"F7","F7 · torus palatinus","F7 torus palatinus","Felső állcsont",TRUE,"v_MAI","MAI-javulás","Változás (kiindulás → utánkövetés)","ΔMAI",-0.207,6,-0.2794,0.3396,-0.143,-0.689,0.457,0.98,0.9619,0.185,0.005,0.637,-0.0181
"F7","F7 · torus palatinus","F7 torus palatinus","Felső állcsont",TRUE,"v_OHIP","OHIP-5-javulás","Változás (kiindulás → utánkövetés)","ΔOHIP-5",-0.533,6,-0.5647,0.1829,-0.317,-0.804,0.295,0.98,0.9165,0.147,-0.326,0.588,-0.0635
"F8","F8 · antagonista fogazat (1→3)","F8 antagonista (nyers)","Nincs tankönyvi irány",FALSE,"s_GOHAI","GOHAI az utánkövetéskor (↑ jobb)","Állapot az új fogsorral","GOHAI",-0.3928,6,-0.3364,0.3075,-0.174,-0.712,0.429,0.5,0.3078,-0.174,-0.712,0.429,-0.1922
"F8","F8 · antagonista fogazat (1→3)","F8 antagonista (nyers)","Nincs tankönyvi irány",FALSE,"s_INDEX","Siker-index (4 kimenet z-átlaga)","Állapot az új fogsorral","Siker-index",0.1309,6,0.105,0.5598,0.052,-0.535,0.621,0.5,0.5604,0.053,-0.535,0.621,0.0604
"F8","F8 · antagonista fogazat (1→3)","F8 antagonista (nyers)","Nincs tankönyvi irány",FALSE,"s_MAI","MAI az utánkövetéskor (↓ jobb)","Állapot az új fogsorral","MAI",-0.3928,6,-0.3364,0.3075,-0.174,-0.712,0.429,0.5,0.3078,-0.174,-0.712,0.429,-0.1922
"F8","F8 · antagonista fogazat (1→3)","F8 antagonista (nyers)","Nincs tankönyvi irány",FALSE,"s_OHIP","OHIP-5 az utánkövetéskor (↓ jobb)","Állapot az új fogsorral","OHIP-5",0.3985,6,0.339,0.6929,0.175,-0.428,0.713,0.5,0.6936,0.176,-0.428,0.713,0.1936
"F8","F8 · antagonista fogazat (1→3)","F8 antagonista (nyers)","Nincs tankönyvi irány",FALSE,"s_RAGAS","Önbevallott rágóképesség a fogsorral","Állapot az új fogsorral","Önbev. rágás",0.1414,6,0.1092,0.5622,0.054,-0.533,0.622,0.5,0.5628,0.055,-0.534,0.623,0.0628
"F8","F8 · antagonista fogazat (1→3)","F8 antagonista (nyers)","Nincs tankönyvi irány",FALSE,"v_GOHAI","GOHAI-javulás","Változás (kiindulás → utánkövetés)","ΔGOHAI",0,6,0,0.4994,0,-0.579,0.579,0.5,0.5,-0.001,-0.579,0.579,0
"F8","F8 · antagonista fogazat (1→3)","F8 antagonista (nyers)","Nincs tankönyvi irány",FALSE,"v_GRC","Megélt rágásváltozás (GRC)","Változás (kiindulás → utánkövetés)","GRC",-0.3098,6,-0.3031,0.3262,-0.155,-0.699,0.446,0.5,0.3266,-0.156,-0.699,0.446,-0.1734
"F8","F8 · antagonista fogazat (1→3)","F8 antagonista (nyers)","Nincs tankönyvi irány",FALSE,"v_MAI","MAI-javulás","Változás (kiindulás → utánkövetés)","ΔMAI",-0.3928,6,-0.3364,0.3075,-0.174,-0.712,0.429,0.5,0.3078,-0.174,-0.712,0.429,-0.1922
"F8","F8 · antagonista fogazat (1→3)","F8 antagonista (nyers)","Nincs tankönyvi irány",FALSE,"v_OHIP","OHIP-5-javulás","Változás (kiindulás → utánkövetés)","ΔOHIP-5",0.5394,6,0.5257,0.7957,0.29,-0.321,0.788,0.5,0.7963,0.29,-0.322,0.788,0.2963
"TUB","A6–A9 · tuberculum-konstruktum (0–1)","A6–A9 tuberculum ↑","Alsó állcsont",TRUE,"s_GOHAI","GOHAI az utánkövetéskor (↑ jobb)","Állapot az új fogsorral","GOHAI",0.4638,6,0.61,0.8402,0.351,-0.262,0.823,0.98,0.9961,0.414,0.057,0.842,0.0161
"TUB","A6–A9 · tuberculum-konstruktum (0–1)","A6–A9 tuberculum ↑","Alsó állcsont",TRUE,"s_INDEX","Siker-index (4 kimenet z-átlaga)","Állapot az új fogsorral","Siker-index",0.6377,6,0.7349,0.9029,0.462,-0.146,0.877,0.98,0.9978,0.498,0.088,0.886,0.0178
"TUB","A6–A9 · tuberculum-konstruktum (0–1)","A6–A9 tuberculum ↑","Alsó állcsont",TRUE,"s_MAI","MAI az utánkövetéskor (↓ jobb)","Állapot az új fogsorral","MAI",-0.029,6,0.0801,0.5455,0.04,-0.546,0.611,0.98,0.9833,0.243,0.017,0.704,0.0033
"TUB","A6–A9 · tuberculum-konstruktum (0–1)","A6–A9 tuberculum ↑","Alsó állcsont",TRUE,"s_OHIP","OHIP-5 az utánkövetéskor (↓ jobb)","Állapot az új fogsorral","OHIP-5",0.8235,6,0.8776,0.9663,0.648,0.085,0.942,0.98,0.9993,0.658,0.193,0.944,0.0193
"TUB","A6–A9 · tuberculum-konstruktum (0–1)","A6–A9 tuberculum ↑","Alsó állcsont",TRUE,"s_RAGAS","Önbevallott rágóképesség a fogsorral","Állapot az új fogsorral","Önbev. rágás",0.7045,6,0.7548,0.9125,0.483,-0.123,0.886,0.98,0.9981,0.514,0.096,0.894,0.0181
"TUB","A6–A9 · tuberculum-konstruktum (0–1)","A6–A9 tuberculum ↑","Alsó állcsont",TRUE,"v_GOHAI","GOHAI-javulás","Változás (kiindulás → utánkövetés)","ΔGOHAI",0.2353,6,0.3078,0.6754,0.158,-0.443,0.701,0.98,0.9903,0.296,0.027,0.755,0.0103
"TUB","A6–A9 · tuberculum-konstruktum (0–1)","A6–A9 tuberculum ↑","Alsó állcsont",TRUE,"v_GRC","Megélt rágásváltozás (GRC)","Változás (kiindulás → utánkövetés)","GRC",0.4287,6,0.3995,0.7267,0.21,-0.396,0.737,0.98,0.9924,0.324,0.033,0.779,0.0124
"TUB","A6–A9 · tuberculum-konstruktum (0–1)","A6–A9 tuberculum ↑","Alsó állcsont",TRUE,"v_MAI","MAI-javulás","Változás (kiindulás → utánkövetés)","ΔMAI",0.2029,6,0.2738,0.6562,0.14,-0.46,0.687,0.98,0.9895,0.287,0.025,0.747,0.0095
"TUB","A6–A9 · tuberculum-konstruktum (0–1)","A6–A9 tuberculum ↑","Alsó állcsont",TRUE,"v_OHIP","OHIP-5-javulás","Változás (kiindulás → utánkövetés)","ΔOHIP-5",0.612,6,0.546,0.8065,0.304,-0.308,0.796,0.98,0.9951,0.382,0.047,0.821,0.0151
